condition	symptom_id
abdominal-aortic-aneurysm	0
abdominal-aortic-aneurysm	1
acanthosis-nigricans	2
acanthosis-nigricans	3
acanthosis-nigricans	4
achalasia	5
achalasia	6
achalasia	7
achalasia	8
achalasia	9
achalasia	10
achalasia	11
achalasia	12
achalasia	13
acne	14
acne	15
acoustic-neuroma	12
acoustic-neuroma	16
acoustic-neuroma	17
acoustic-neuroma	18
acoustic-neuroma	19
acoustic-neuroma	20
acoustic-neuroma	21
acoustic-neuroma	22
acromegaly	23
acromegaly	24
acromegaly	25
acromegaly	26
acromegaly	27
acromegaly	28
acromegaly	29
acromegaly	30
actinic-keratoses	3
actinic-keratoses	4
actinic-keratoses	31
actinic-keratoses	32
actinomycosis	33
actinomycosis	34
actinomycosis	35
actinomycosis	36
acute-cholecystitis	37
acute-cholecystitis	38
acute-cholecystitis	39
acute-cholecystitis	40
acute-cholecystitis	41
acute-cholecystitis	42
acute-cholecystitis	43
acute-cholecystitis	44
acute-cholecystitis	45
acute-cholecystitis	46
acute-kidney-injury	47
acute-kidney-injury	48
acute-kidney-injury	49
acute-kidney-injury	50
acute-kidney-injury	51
acute-kidney-injury	52
acute-myeloid-leukaemia	53
acute-myeloid-leukaemia	54
acute-myeloid-leukaemia	55
acute-myeloid-leukaemia	56
acute-myeloid-leukaemia	57
acute-pancreatitis	58
acute-pancreatitis	59
acute-pancreatitis	60
acute-pancreatitis	61
acute-pancreatitis	62
acute-pancreatitis	63
acute-respiratory-distress-syndrome	64
acute-respiratory-distress-syndrome	65
addisons-disease	54
addisons-disease	66
addisons-disease	67
addisons-disease	68
addisons-disease	69
addisons-disease	70
addisons-disease	71
addisons-disease	72
addisons-disease	73
age-related-macular-degeneration-amd	74
age-related-macular-degeneration-amd	75
age-related-macular-degeneration-amd	76
age-related-macular-degeneration-amd	77
albinism	78
albinism	79
albinism	80
albinism	81
albinism	82
albinism	83
alcohol-poisoning	39
alcohol-poisoning	84
alcohol-poisoning	85
alcohol-poisoning	86
alcohol-poisoning	87
alcohol-poisoning	88
alcohol-poisoning	89
alcohol-poisoning	90
alcohol-use-disorder	24
alcohol-use-disorder	49
alcohol-use-disorder	77
alcohol-use-disorder	89
alcohol-use-disorder	91
alcohol-use-disorder	92
alcohol-use-disorder	93
alcohol-use-disorder	94
alcohol-use-disorder	95
alcohol-use-disorder	96
alcohol-use-disorder	97
allergic-rhinitis	98
allergic-rhinitis	99
allergic-rhinitis	100
allergic-rhinitis	101
allergic-rhinitis	102
allergies	49
allergies	99
allergies	103
allergies	104
allergies	105
allergies	106
allergies	107
allergies	108
altitude-sickness	19
altitude-sickness	24
altitude-sickness	40
altitude-sickness	49
altitude-sickness	54
alzheimers-disease	77
alzheimers-disease	95
alzheimers-disease	109
alzheimers-disease	110
alzheimers-disease	111
alzheimers-disease	112
alzheimers-disease	113
alzheimers-disease	114
alzheimers-disease	115
amyloidosis	50
amyloidosis	54
amyloidosis	57
amyloidosis	64
amyloidosis	116
amyloidosis	117
amyloidosis	118
amyloidosis	119
amyloidosis	120
anal-fissure	121
anal-fissure	122
anal-fissure	123
anal-fistula	122
anal-fistula	124
anal-fistula	125
anal-fistula	126
anal-fistula	127
anal-fistula	128
anal-fistula	129
anaphylaxis	12
anaphylaxis	18
anaphylaxis	51
anaphylaxis	64
anaphylaxis	87
anaphylaxis	105
anaphylaxis	130
anaphylaxis	131
anaphylaxis	132
androgen-insensitivity-syndrome	133
androgen-insensitivity-syndrome	134
androgen-insensitivity-syndrome	135
androgen-insensitivity-syndrome	136
angina	137
angina	138
angioedema	106
angioedema	108
angioedema	139
angioedema	140
ankylosing-spondylitis	54
ankylosing-spondylitis	141
ankylosing-spondylitis	142
antiphospholipid-syndrome	26
antiphospholipid-syndrome	56
antiphospholipid-syndrome	143
antiphospholipid-syndrome	144
antiphospholipid-syndrome	145
antiphospholipid-syndrome	146
antiphospholipid-syndrome	147
antiphospholipid-syndrome	148
antiphospholipid-syndrome	149
antiphospholipid-syndrome	150
aphasia	151
aphasia	152
aphasia	153
aphasia	154
aphasia	155
aphasia	156
appendicitis	37
appendicitis	49
appendicitis	62
appendicitis	71
appendicitis	157
appendicitis	158
appendicitis	159
appendicitis	160
appendicitis	161
appendicitis	162
appendicitis	163
appendicitis	164
arrhythmia	7
arrhythmia	64
arrhythmia	165
arrhythmia	166
arrhythmia	167
arthritis	141
arthritis	164
arthritis	168
asbestosis	7
asbestosis	54
asbestosis	64
asbestosis	169
asbestosis	170
aspergillosis	37
aspergillosis	38
aspergillosis	57
aspergillosis	64
aspergillosis	171
asthma	7
asthma	64
asthma	172
astigmatism	78
astigmatism	173
astigmatism	174
ataxia	12
ataxia	84
ataxia	86
ataxia	120
ataxia	175
ataxia	176
ataxia	177
ataxia	178
ataxia	179
ataxia	180
ataxia	181
ataxia	182
ataxia	183
ataxia	184
ataxia	185
ataxia	186
athletes-foot	187
athletes-foot	188
athletes-foot	189
athletes-foot	190
atopic-eczema	37
atopic-eczema	145
atopic-eczema	191
atopic-eczema	192
atopic-eczema	193
atopic-eczema	194
atopic-eczema	195
atrial-fibrillation	7
atrial-fibrillation	18
atrial-fibrillation	54
atrial-fibrillation	165
atrial-fibrillation	196
atrial-fibrillation	197
atrial-fibrillation	198
auditory-processing-disorder	199
autism	200
autism	201
autism	202
autism	203
autism	204
autism	205
autism	206
autism	207
autism	208
autism	209
autism	210
autism	211
autism	212
autism	213
autism	214
autism	215
autism	216
autism	217
autism	218
autism	219
autism	220
autism	221
autism	222
autism	223
autism	224
autism	225
autism	226
autism	227
autism	228
autism	229
autism	230
autism	231
autism	232
autosomal-dominant-polycystic-kidney-disease-adpkd	37
autosomal-dominant-polycystic-kidney-disease-adpkd	38
autosomal-dominant-polycystic-kidney-disease-adpkd	39
autosomal-dominant-polycystic-kidney-disease-adpkd	40
autosomal-dominant-polycystic-kidney-disease-adpkd	64
autosomal-dominant-polycystic-kidney-disease-adpkd	71
autosomal-dominant-polycystic-kidney-disease-adpkd	72
autosomal-dominant-polycystic-kidney-disease-adpkd	133
autosomal-dominant-polycystic-kidney-disease-adpkd	233
autosomal-dominant-polycystic-kidney-disease-adpkd	234
autosomal-dominant-polycystic-kidney-disease-adpkd	235
autosomal-dominant-polycystic-kidney-disease-adpkd	236
autosomal-dominant-polycystic-kidney-disease-adpkd	237
autosomal-dominant-polycystic-kidney-disease-adpkd	238
autosomal-dominant-polycystic-kidney-disease-adpkd	239
autosomal-dominant-polycystic-kidney-disease-adpkd	240
autosomal-dominant-polycystic-kidney-disease-adpkd	241
autosomal-dominant-polycystic-kidney-disease-adpkd	242
autosomal-dominant-polycystic-kidney-disease-adpkd	243
autosomal-dominant-polycystic-kidney-disease-adpkd	244
autosomal-dominant-polycystic-kidney-disease-adpkd	245
autosomal-dominant-polycystic-kidney-disease-adpkd	246
autosomal-dominant-polycystic-kidney-disease-adpkd	247
autosomal-dominant-polycystic-kidney-disease-adpkd	248
autosomal-dominant-polycystic-kidney-disease-adpkd	249
autosomal-recessive-polycystic-kidney-disease-arpkd	38
autosomal-recessive-polycystic-kidney-disease-arpkd	40
autosomal-recessive-polycystic-kidney-disease-arpkd	48
autosomal-recessive-polycystic-kidney-disease-arpkd	64
autosomal-recessive-polycystic-kidney-disease-arpkd	243
autosomal-recessive-polycystic-kidney-disease-arpkd	247
autosomal-recessive-polycystic-kidney-disease-arpkd	248
autosomal-recessive-polycystic-kidney-disease-arpkd	250
autosomal-recessive-polycystic-kidney-disease-arpkd	251
autosomal-recessive-polycystic-kidney-disease-arpkd	252
autosomal-recessive-polycystic-kidney-disease-arpkd	253
bacterial-vaginosis	254
bacterial-vaginosis	255
bacterial-vaginosis	256
balanitis	188
balanitis	244
balanitis	257
balanitis	258
balanitis	259
balanitis	260
balanitis	261
bells-palsy	262
bells-palsy	263
bells-palsy	264
bells-palsy	265
bile-duct-cancer	37
bile-duct-cancer	40
bile-duct-cancer	41
bile-duct-cancer	49
bile-duct-cancer	54
bile-duct-cancer	160
bile-duct-cancer	248
bile-duct-cancer	266
bile-duct-cancer	267
bladder-cancer	54
bladder-cancer	57
bladder-cancer	71
bladder-cancer	160
bladder-cancer	233
bladder-cancer	244
bladder-cancer	268
bladder-stones	160
bladder-stones	233
bladder-stones	244
bladder-stones	269
bladder-stones	270
blepharitis	100
blepharitis	271
blepharitis	272
blepharitis	273
blepharitis	274
bone-cancer	57
bone-cancer	268
bone-cancer	275
bone-cancer	276
bone-cancer	277
bone-cancer	278
bone-cancer	279
bone-cyst	279
bone-cyst	280
bone-cyst	281
botulism	239
botulism	263
botulism	282
botulism	283
botulism	284
botulism	285
botulism	286
botulism	287
botulism	288
botulism	289
botulism	290
bowel-incontinence	291
bowel-incontinence	292
bowel-incontinence	293
bowel-incontinence	294
bowel-polyps	57
bowel-polyps	123
bowel-polyps	295
bowel-polyps	296
brain-abscess	19
brain-abscess	37
brain-abscess	38
brain-abscess	39
brain-abscess	89
brain-abscess	297
brain-abscess	298
brain-abscess	299
brain-abscess	300
brain-aneurysm	19
brain-aneurysm	72
brain-aneurysm	183
brain-aneurysm	262
brain-aneurysm	300
brain-aneurysm	301
brain-aneurysm	302
brain-aneurysm	303
brain-tumours	89
brain-tumours	304
brain-tumours	305
brain-tumours	306
brain-tumours	307
breast-cancer-in-men	24
breast-cancer-in-men	40
breast-cancer-in-men	49
breast-cancer-in-men	54
breast-cancer-in-men	275
breast-cancer-in-men	308
breast-cancer-in-men	309
breast-cancer-in-men	310
breast-cancer-in-men	311
breast-cancer-in-men	312
broken-hip	313
broken-hip	314
broken-hip	315
broken-hip	316
broken-leg	317
broken-leg	318
broken-leg	319
broken-leg	320
broken-leg	321
broken-nose	317
broken-nose	322
broken-nose	323
broken-nose	324
broken-toe	145
broken-toe	317
broken-toe	325
bronchiectasis	7
bronchiectasis	54
bronchiectasis	64
bronchiectasis	101
bronchiectasis	147
bronchiectasis	169
bronchiectasis	171
bronchiectasis	326
bronchiectasis	327
bronchiolitis	12
bronchiolitis	101
bronchiolitis	327
bronchiolitis	328
bronchiolitis	329
bronchiolitis	330
bronchitis	37
bronchitis	64
bronchitis	171
bronchitis	331
bronchitis	332
bronchitis	333
brucellosis	37
brucellosis	40
brucellosis	54
brucellosis	141
brugada-syndrome	18
brugada-syndrome	64
brugada-syndrome	165
brugada-syndrome	166
brugada-syndrome	334
brugada-syndrome	335
bullous-pemphigoid	336
bunions	168
bunions	337
bunions	338
bursitis	188
bursitis	339
bursitis	340
bursitis	341
bursitis	342
c-difficile	37
c-difficile	38
c-difficile	40
c-difficile	343
cancer	12
cancer	38
cancer	41
cancer	56
cancer	57
cancer	64
cancer	132
cancer	147
cancer	169
cancer	249
cancer	269
cancer	275
cancer	278
cancer	296
cancer	344
cancer	345
cancer	346
cancer	347
cancer	348
cancer	349
cancer	350
cancer	351
cancer	352
cancer	353
carbon-monoxide-poisoning	7
carbon-monoxide-poisoning	19
carbon-monoxide-poisoning	49
carbon-monoxide-poisoning	64
carbon-monoxide-poisoning	239
carbon-monoxide-poisoning	354
carbon-monoxide-poisoning	355
carbon-monoxide-poisoning	356
carpal-tunnel-syndrome	25
carpal-tunnel-syndrome	357
carpal-tunnel-syndrome	358
carpal-tunnel-syndrome	359
cataracts	78
cataracts	79
cataracts	300
cataracts	360
cataracts	361
cataracts	362
cataracts	363
cataracts	364
cellulitis	188
cellulitis	365
cellulitis	366
cerebral-palsy	367
cerebral-palsy	368
cerebral-palsy	369
cerebral-palsy	370
cerebral-palsy	371
cerebral-palsy	372
cerebral-palsy	373
cervical-cancer	160
cervical-cancer	255
cervical-cancer	351
cervical-cancer	374
cervical-spondylosis	299
cervical-spondylosis	375
charles-bonnet-syndrome	77
charles-bonnet-syndrome	376
charles-bonnet-syndrome	377
charles-bonnet-syndrome	378
chiari-malformation	12
chiari-malformation	17
chiari-malformation	19
chiari-malformation	49
chiari-malformation	78
chiari-malformation	141
chiari-malformation	183
chiari-malformation	306
chiari-malformation	358
chiari-malformation	379
chickenpox	37
chickenpox	40
chickenpox	46
chickenpox	267
chickenpox	380
chilblains	381
childhood-cataracts	382
chlamydia	160
chlamydia	244
chlamydia	255
chlamydia	257
chlamydia	332
chlamydia	383
chlamydia	384
chlamydia	385
chlamydia	386
chlamydia	387
cholera	49
cholera	343
cholera	388
cholesteatoma	16
cholesteatoma	389
cholesteatoma	390
cholesteatoma	391
chronic-myeloid-leukaemia	26
chronic-myeloid-leukaemia	40
chronic-myeloid-leukaemia	54
chronic-myeloid-leukaemia	78
chronic-myeloid-leukaemia	268
chronic-myeloid-leukaemia	366
chronic-myeloid-leukaemia	392
chronic-myeloid-leukaemia	393
chronic-myeloid-leukaemia	394
chronic-myeloid-leukaemia	395
chronic-myeloid-leukaemia	396
chronic-myeloid-leukaemia	397
chronic-obstructive-pulmonary-disease-copd	64
chronic-obstructive-pulmonary-disease-copd	326
chronic-obstructive-pulmonary-disease-copd	398
chronic-obstructive-pulmonary-disease-copd	399
chronic-pancreatitis	49
chronic-pancreatitis	57
chronic-pancreatitis	62
chronic-pancreatitis	71
chronic-pancreatitis	339
chronic-pancreatitis	346
chronic-pancreatitis	400
chronic-pancreatitis	401
chronic-traumatic-encephalopathy	95
chronic-traumatic-encephalopathy	112
chronic-traumatic-encephalopathy	302
chronic-traumatic-encephalopathy	318
chronic-traumatic-encephalopathy	402
chronic-traumatic-encephalopathy	403
chronic-traumatic-encephalopathy	404
chronic-traumatic-encephalopathy	405
cluster-headaches	19
cluster-headaches	38
cluster-headaches	333
cluster-headaches	406
cluster-headaches	407
cluster-headaches	408
cluster-headaches	409
cluster-headaches	410
cluster-headaches	411
cluster-headaches	412
cluster-headaches	413
cluster-headaches	414
coeliac-disease	120
coeliac-disease	248
coeliac-disease	346
coeliac-disease	415
coeliac-disease	416
coeliac-disease	417
coeliac-disease	418
coeliac-disease	419
coeliac-disease	420
coeliac-disease	421
cold-sores	336
cold-sores	348
cold-sores	422
cold-sores	423
cold-sores	424
cold-sores	425
cold-sores	426
cold-sores	427
colic	157
colic	356
colic	428
colic	429
colic	430
colic	431
colic	432
colic	433
colic	434
colic	435
colour-vision-deficiency	436
colour-vision-deficiency	437
colour-vision-deficiency	438
colour-vision-deficiency	439
common-cold	37
common-cold	38
common-cold	101
common-cold	264
common-cold	332
common-cold	333
common-cold	347
common-cold	440
common-cold	441
common-cold	442
common-cold	443
compartment-syndrome	358
compartment-syndrome	444
compartment-syndrome	445
compartment-syndrome	446
complex-regional-pain-syndrome	24
complex-regional-pain-syndrome	446
complex-regional-pain-syndrome	447
complex-regional-pain-syndrome	448
complex-regional-pain-syndrome	449
complex-regional-pain-syndrome	450
complex-regional-pain-syndrome	451
complex-regional-pain-syndrome	452
complex-regional-pain-syndrome	453
complex-regional-pain-syndrome	454
congenital-heart-disease	54
congenital-heart-disease	64
congenital-heart-disease	87
congenital-heart-disease	165
congenital-heart-disease	286
congenital-heart-disease	395
congenital-heart-disease	455
congenital-heart-disease	456
congenital-heart-disease	457
conjunctivitis	272
conjunctivitis	458
conjunctivitis	459
conjunctivitis	460
constipation	95
constipation	121
constipation	416
constipation	461
constipation	462
contact-dermatitis	463
coronary-heart-disease	7
coronary-heart-disease	49
coronary-heart-disease	64
coronary-heart-disease	166
coronary-heart-disease	464
corticobasal-degeneration	12
corticobasal-degeneration	84
corticobasal-degeneration	183
corticobasal-degeneration	465
corticobasal-degeneration	466
corticobasal-degeneration	467
corticobasal-degeneration	468
costochondritis	7
costochondritis	339
costochondritis	469
cradle-cap	145
cradle-cap	470
cradle-cap	471
cradle-cap	472
cradle-cap	473
cradle-cap	474
cradle-cap	475
cradle-cap	476
cradle-cap	477
cradle-cap	478
cradle-cap	479
cradle-cap	480
cradle-cap	481
cradle-cap	482
cradle-cap	483
craniosynostosis	172
craniosynostosis	177
craniosynostosis	484
craniosynostosis	485
craniosynostosis	486
craniosynostosis	487
craniosynostosis	488
creutzfeldt-jakob-disease-cjd	84
creutzfeldt-jakob-disease-cjd	361
creutzfeldt-jakob-disease-cjd	403
creutzfeldt-jakob-disease-cjd	489
creutzfeldt-jakob-disease-cjd	490
creutzfeldt-jakob-disease-cjd	491
creutzfeldt-jakob-disease-cjd	492
crohns-disease	40
crohns-disease	295
crohns-disease	343
crohns-disease	386
crohns-disease	493
crohns-disease	494
croup	64
croup	327
croup	347
croup	495
croup	496
croup	497
croup	498
croup	499
cushings-syndrome	29
cushings-syndrome	306
cushings-syndrome	500
cushings-syndrome	501
cushings-syndrome	502
cushings-syndrome	503
cushings-syndrome	504
cushings-syndrome	505
cyclical-vomiting-syndrome	40
cyclical-vomiting-syndrome	49
cyclical-vomiting-syndrome	343
cyclical-vomiting-syndrome	443
cyclical-vomiting-syndrome	506
cystic-fibrosis	23
cystic-fibrosis	64
cystic-fibrosis	169
cystic-fibrosis	326
cystic-fibrosis	401
cystic-fibrosis	418
cystic-fibrosis	494
cystic-fibrosis	507
cystic-fibrosis	508
dandruff	509
dandruff	510
deep-vein-thrombosis-dvt	143
deep-vein-thrombosis-dvt	145
deep-vein-thrombosis-dvt	146
deep-vein-thrombosis-dvt	160
deep-vein-thrombosis-dvt	511
dehydration	18
dehydration	38
dehydration	48
dehydration	242
dehydration	253
dehydration	270
dehydration	512
dehydration	513
dehydration	514
dehydration	515
dehydration	516
dehydration	517
dementia	12
dementia	72
dementia	77
dementia	95
dementia	110
dementia	114
dementia	115
dementia	294
dementia	325
dementia	403
dementia	404
dementia	504
dementia	518
dementia	519
dementia	520
dementia	521
dementia	522
dementia	523
dementia	524
dementia	525
dementia	526
dementia	527
dementia	528
dementia	529
dementia	530
dementia	531
dementia	532
dementia	533
dementia	534
dementia	535
dengue	37
dengue	49
dengue	238
dengue	301
dengue	366
dengue	440
dengue	536
dental-abscess	12
dental-abscess	37
dental-abscess	366
dental-abscess	537
dental-abscess	538
dental-abscess	539
dental-abscess	540
dental-abscess	541
detached-retina-retinal-detachment	300
detached-retina-retinal-detachment	542
developmental-coordination-disorder-dyspraxia	548
developmental-coordination-disorder-dyspraxia	549
developmental-coordination-disorder-dyspraxia-in-adults	164
developmental-coordination-disorder-dyspraxia-in-adults	543
developmental-coordination-disorder-dyspraxia-in-adults	544
developmental-coordination-disorder-dyspraxia-in-adults	545
developmental-coordination-disorder-dyspraxia-in-adults	546
developmental-coordination-disorder-dyspraxia-in-adults	547
developmental-dysplasia-of-the-hip	314
developmental-dysplasia-of-the-hip	550
developmental-dysplasia-of-the-hip	551
developmental-dysplasia-of-the-hip	552
developmental-dysplasia-of-the-hip	553
developmental-dysplasia-of-the-hip	554
developmental-dysplasia-of-the-hip	555
developmental-dysplasia-of-the-hip	556
developmental-dysplasia-of-the-hip	557
diabetes-insipidus	40
diabetes-insipidus	54
diabetes-insipidus	418
diabetes-insipidus	558
diabetes-insipidus	559
diabetes-insipidus	560
diabetes-insipidus	561
diabetes-insipidus	562
diabetic-ketoacidosis	48
diabetic-ketoacidosis	49
diabetic-ketoacidosis	51
diabetic-ketoacidosis	71
diabetic-ketoacidosis	78
diabetic-ketoacidosis	563
diabetic-ketoacidosis	564
diabetic-retinopathy	78
diabetic-retinopathy	360
diabetic-retinopathy	361
diabetic-retinopathy	565
digeorge-syndrome	566
digeorge-syndrome	567
digeorge-syndrome	568
digeorge-syndrome	569
digeorge-syndrome	570
digeorge-syndrome	571
diphtheria	283
diphtheria	332
diphtheria	366
diphtheria	572
diphtheria	573
diphtheria	574
diphtheria	575
diverticular-disease-and-diverticulitis	37
diverticular-disease-and-diverticulitis	122
diverticular-disease-and-diverticulitis	295
diverticular-disease-and-diverticulitis	576
diverticular-disease-and-diverticulitis	577
diverticular-disease-and-diverticulitis	578
dysarthria	84
dysarthria	579
dysarthria	580
dysarthria	581
dysarthria	582
dysarthria	583
dysarthria	584
dystonia	181
dystonia	467
dystonia	585
dystonia	586
dystonia	587
ear-infections	16
ear-infections	37
ear-infections	40
ear-infections	329
ear-infections	389
ear-infections	390
ear-infections	441
ear-infections	490
ear-infections	588
ear-infections	589
ear-infections	590
ebola	39
ebola	41
ebola	46
ebola	122
ebola	248
ebola	332
ebola	388
ebola	440
ebola	591
ebola	592
ebola	593
ebola	594
ectopic-pregnancy	46
ectopic-pregnancy	160
ectopic-pregnancy	244
ectopic-pregnancy	595
ectopic-pregnancy	596
ectopic-pregnancy	597
ectropion	598
ectropion	599
ectropion	600
ectropion	601
ectropion	602
edwards-syndrome	603
edwards-syndrome	604
edwards-syndrome	605
edwards-syndrome	606
ehlers-danlos-syndromes	607
ehlers-danlos-syndromes	608
ehlers-danlos-syndromes	609
encephalitis	84
encephalitis	90
encephalitis	306
encephalitis	334
encephalitis	403
encephalitis	520
endocarditis	7
endocarditis	37
endocarditis	40
endocarditis	52
endocarditis	54
endocarditis	278
endocarditis	440
endocarditis	610
endocarditis	611
endocarditis	612
endometriosis	54
endometriosis	160
endometriosis	244
endometriosis	374
endometriosis	613
endometriosis	614
endometriosis	615
endometriosis	616
endometriosis	617
enlarged-prostate	86
enlarged-prostate	269
enlarged-prostate	270
enlarged-prostate	618
enlarged-prostate	619
epidermolysis-bullosa	193
epidermolysis-bullosa	620
epidermolysis-bullosa	621
epidermolysis-bullosa	622
epididymitis	623
epididymitis	624
epididymitis	625
epididymitis	626
epiglottitis	12
epiglottitis	37
epiglottitis	87
epiglottitis	327
epiglottitis	329
epiglottitis	332
epiglottitis	347
epiglottitis	627
epiglottitis	628
epiglottitis	629
epiglottitis	630
epilepsy	86
epilepsy	334
epilepsy	368
epilepsy	491
epilepsy	631
epilepsy	632
epilepsy	633
epilepsy	634
epilepsy	635
epilepsy	636
erythema-multiforme	37
erythema-multiforme	64
erythema-multiforme	108
erythema-multiforme	132
erythema-multiforme	137
erythema-multiforme	267
erythema-multiforme	339
erythema-multiforme	365
erythema-multiforme	399
erythema-multiforme	440
erythema-multiforme	637
erythema-multiforme	638
erythema-multiforme	639
erythema-multiforme	640
erythema-nodosum	26
erythema-nodosum	37
erythema-nodosum	46
erythema-nodosum	168
erythema-nodosum	267
erythrocytosis	4
erythrocytosis	26
erythrocytosis	56
erythrocytosis	78
erythrocytosis	188
erythrocytosis	234
erythrocytosis	343
excessive-daytime-sleepiness-hypersomnia	641
excessive-daytime-sleepiness-hypersomnia	642
excessive-daytime-sleepiness-hypersomnia	643
excessive-daytime-sleepiness-hypersomnia	644
eye-cancer	78
eye-cancer	265
eye-cancer	301
eye-cancer	645
eye-cancer	646
eye-cancer	647
eye-cancer	648
eye-cancer	649
face-blindness	650
face-blindness	651
face-blindness	652
face-blindness	653
face-blindness	654
face-blindness	655
febrile-seizures	90
febrile-seizures	128
febrile-seizures	201
febrile-seizures	636
febrile-seizures	656
febrile-seizures	657
fibroids	29
fibroids	141
fibroids	269
fibroids	343
fibroids	374
fibroids	419
fibroids	461
fibromyalgia	24
fibromyalgia	466
fibromyalgia	658
fibromyalgia	659
fibromyalgia	660
flu	19
flu	24
flu	40
flu	54
flu	101
flu	332
flu	443
flu	661
flu	662
flu	663
flu	664
food-allergy	18
food-allergy	49
food-allergy	99
food-allergy	105
food-allergy	106
food-allergy	108
food-allergy	343
food-allergy	665
food-intolerance	343
food-intolerance	666
food-poisoning	37
food-poisoning	49
food-poisoning	267
food-poisoning	343
frontotemporal-dementia	110
frontotemporal-dementia	115
frontotemporal-dementia	667
frontotemporal-dementia	668
frontotemporal-dementia	669
frontotemporal-dementia	670
frostbite	125
frostbite	671
frostbite	672
frostbite	673
frostbite	674
frostbite	675
frostbite	676
frostbite	677
frozen-shoulder	678
frozen-shoulder	679
gallbladder-cancer	37
gallbladder-cancer	40
gallbladder-cancer	41
gallbladder-cancer	49
gallbladder-cancer	160
gallbladder-cancer	346
gallbladder-cancer	680
gallbladder-cancer	681
gallstones	59
gallstones	62
gallstones	416
gangrene	131
gangrene	145
gangrene	339
gangrene	675
gangrene	682
gastritis	40
gastritis	49
gastritis	343
gastritis	346
gastritis	683
gastroparesis	10
gastroparesis	49
gastroparesis	343
gastroparesis	684
genital-warts	32
genital-warts	269
genital-warts	374
genital-warts	685
genital-warts	686
genital-warts	687
gestational-diabetes	48
gestational-diabetes	78
gestational-diabetes	263
gestational-diabetes	269
gestational-diabetes	688
giardiasis	10
giardiasis	160
giardiasis	401
giardiasis	431
giardiasis	689
gilberts-syndrome	41
glandular-fever	37
glandular-fever	332
glandular-fever	366
glaucoma	19
glaucoma	49
glaucoma	78
glaucoma	301
glaucoma	363
glaucoma	690
glaucoma	691
glomerulonephritis	26
glomerulonephritis	37
glomerulonephritis	40
glomerulonephritis	41
glomerulonephritis	47
glomerulonephritis	64
glomerulonephritis	119
glomerulonephritis	233
glomerulonephritis	234
glomerulonephritis	343
glomerulonephritis	692
glomerulonephritis	693
glue-ear	17
glue-ear	183
glue-ear	332
glue-ear	390
glue-ear	664
glue-ear	694
glue-ear	695
glue-ear	696
goitre	169
goitre	283
goitre	347
goitre	399
goitre	697
goitre	698
gonorrhoea	160
gonorrhoea	244
gonorrhoea	255
gonorrhoea	257
gonorrhoea	385
gonorrhoea	699
gout	338
gout	700
granuloma-annulare	3
granuloma-annulare	640
granuloma-annulare	701
granuloma-annulare	702
granulomatosis-with-polyangiitis	10
granulomatosis-with-polyangiitis	26
granulomatosis-with-polyangiitis	37
granulomatosis-with-polyangiitis	40
granulomatosis-with-polyangiitis	234
granulomatosis-with-polyangiitis	354
granulomatosis-with-polyangiitis	396
granulomatosis-with-polyangiitis	703
granulomatosis-with-polyangiitis	704
granulomatosis-with-polyangiitis	705
granulomatosis-with-polyangiitis	706
growing-pains	50
growing-pains	69
guillain-barre-syndrome	64
guillain-barre-syndrome	289
guillain-barre-syndrome	300
guillain-barre-syndrome	358
guillain-barre-syndrome	707
guillain-barre-syndrome	708
guillain-barre-syndrome	709
gum-disease	540
gum-disease	710
gum-disease	711
gum-disease	712
gum-disease	713
gynaecomastia	714
gynaecomastia	715
haemochromatosis	10
haemochromatosis	26
haemochromatosis	29
haemochromatosis	54
haemochromatosis	249
haemochromatosis	525
haemophilia	168
haemophilia	591
haemophilia	716
hamstring-injury	717
hamstring-injury	718
hamstring-injury	719
hamstring-injury	720
hand-foot-mouth-disease	37
hand-foot-mouth-disease	40
hand-foot-mouth-disease	132
hand-foot-mouth-disease	332
hand-foot-mouth-disease	348
hand-foot-mouth-disease	721
hand-foot-mouth-disease	722
head-injury-and-concussion	18
head-injury-and-concussion	49
head-injury-and-concussion	89
head-injury-and-concussion	177
head-injury-and-concussion	389
head-injury-and-concussion	723
head-injury-and-concussion	724
head-injury-and-concussion	725
head-injury-and-concussion	726
head-injury-and-concussion	727
head-injury-and-concussion	728
head-injury-and-concussion	729
head-injury-and-concussion	730
head-injury-and-concussion	731
hearing-loss	16
hearing-loss	154
hearing-loss	519
hearing-loss	732
hearing-loss	733
hearing-loss	734
hearing-loss	735
heart-attack	7
heart-attack	49
heart-attack	64
heart-attack	87
heart-attack	683
heart-block	7
heart-block	64
heart-block	166
heart-failure	18
heart-failure	64
heart-failure	395
heart-failure	736
heart-failure	737
heart-failure	738
heart-failure	739
heart-failure	740
heart-valve-disease	7
heart-valve-disease	18
heart-valve-disease	50
heart-valve-disease	54
heart-valve-disease	64
heart-valve-disease	165
heart-valve-disease	457
heartburn-and-acid-reflux	346
heartburn-and-acid-reflux	347
heartburn-and-acid-reflux	540
heartburn-and-acid-reflux	741
heartburn-and-acid-reflux	742
heartburn-and-acid-reflux	743
heat-exhaustion-heatstroke	37
heat-exhaustion-heatstroke	48
heat-exhaustion-heatstroke	49
heat-exhaustion-heatstroke	64
heat-exhaustion-heatstroke	89
heat-exhaustion-heatstroke	90
heat-exhaustion-heatstroke	197
heat-exhaustion-heatstroke	328
heat-exhaustion-heatstroke	413
heat-exhaustion-heatstroke	520
heat-exhaustion-heatstroke	744
heat-exhaustion-heatstroke	745
heat-exhaustion-heatstroke	746
heat-exhaustion-heatstroke	747
heat-exhaustion-heatstroke	748
heat-exhaustion-heatstroke	749
heat-rash-prickly-heat	342
heat-rash-prickly-heat	610
heat-rash-prickly-heat	750
heat-rash-prickly-heat	751
heat-rash-prickly-heat	752
henoch-schonlein-purpura-hsp	753
henoch-schonlein-purpura-hsp	754
hepatitis	37
hepatitis	40
hepatitis	41
hepatitis	46
hepatitis	49
hepatitis	54
hepatitis	242
hepatitis	248
hepatitis	266
hepatitis	400
hepatitis-a	37
hepatitis-a	41
hepatitis-a	46
hepatitis-a	49
hepatitis-a	106
hepatitis-a	157
hepatitis-a	160
hepatitis-a	242
hepatitis-a	266
hepatitis-b	37
hepatitis-b	41
hepatitis-b	49
hepatitis-b	106
hepatitis-b	160
hepatitis-b	242
hepatitis-b	266
hepatitis-c	37
hepatitis-c	40
hepatitis-c	41
hepatitis-c	49
hepatitis-c	54
hepatitis-c	73
hepatitis-c	248
hepatitis-c	343
hepatitis-c	755
hereditary-haemorrahagic-telangiectasia	756
hereditary-haemorrahagic-telangiectasia	757
hereditary-spastic-paraplegia	306
hereditary-spastic-paraplegia	758
herpes-simplex-eye-infections	79
herpes-simplex-eye-infections	300
herpes-simplex-eye-infections	301
herpes-simplex-eye-infections	601
herpes-simplex-eye-infections	690
herpes-simplex-eye-infections	759
herpes-simplex-eye-infections	760
herpetic-whitlow	23
herpetic-whitlow	37
herpetic-whitlow	761
herpetic-whitlow	762
hiatus-hernia	12
hiatus-hernia	49
hiatus-hernia	346
hiatus-hernia	433
hiatus-hernia	540
hiatus-hernia	741
hidradenitis-suppurativa	687
hidradenitis-suppurativa	763
hidradenitis-suppurativa	764
hidradenitis-suppurativa	765
hidradenitis-suppurativa	766
high-blood-pressure	7
high-blood-pressure	78
high-blood-sugar-hyperglycaemia	10
high-blood-sugar-hyperglycaemia	48
high-blood-sugar-hyperglycaemia	54
high-blood-sugar-hyperglycaemia	71
high-blood-sugar-hyperglycaemia	78
hirschsprungs-disease	346
hirschsprungs-disease	416
hirschsprungs-disease	455
hirschsprungs-disease	461
hirschsprungs-disease	767
hirschsprungs-disease	768
hives	106
hives	248
hives	640
hives	701
hives	769
hives	770
hives	771
hives	772
hives	773
hives	774
hives	775
hives	776
hives	777
hives	778
hives	779
hives	780
hives	781
hives	782
hives	783
hives	784
hives	785
hives	786
hives	787
hives	788
hives	789
huntingtons-disease	10
huntingtons-disease	72
huntingtons-disease	113
huntingtons-disease	283
huntingtons-disease	403
huntingtons-disease	667
huntingtons-disease	755
huntingtons-disease	790
huntingtons-disease	791
huntingtons-disease	792
hydrocephalus	39
hydrocephalus	78
hydrocephalus	318
hydronephrosis	37
hydronephrosis	160
hydronephrosis	233
hydronephrosis	242
hydronephrosis	269
hydronephrosis	270
hyperacusis	339
hyperacusis	793
hyperacusis	794
hyperacusis	795
hyperparathyroidism	40
hyperparathyroidism	48
hyperparathyroidism	49
hyperparathyroidism	71
hyperparathyroidism	113
hyperparathyroidism	306
hyperparathyroidism	343
hyperparathyroidism	796
hypoparathyroidism	78
hypoparathyroidism	89
hypoparathyroidism	181
hypoparathyroidism	196
hypoparathyroidism	343
hypoparathyroidism	797
hypoparathyroidism	798
hypothermia	51
hypothermia	84
hypothermia	87
hypothermia	88
hypothermia	799
hypothermia	800
hypothermia	801
ichthyosis	193
ichthyosis	195
ichthyosis	361
ichthyosis	446
ichthyosis	802
ichthyosis	803
ichthyosis	804
ichthyosis	805
idiopathic-pulmonary-fibrosis	40
idiopathic-pulmonary-fibrosis	52
idiopathic-pulmonary-fibrosis	64
idiopathic-pulmonary-fibrosis	169
idiopathic-pulmonary-fibrosis	170
impetigo	336
impetigo	422
impetigo	427
impetigo	806
impetigo	807
impetigo	808
impetigo	809
impetigo	810
indigestion	38
indigestion	346
indigestion	433
indigestion	683
indigestion	741
indigestion	811
inflammatory-bowel-disease	54
inflammatory-bowel-disease	57
inflammatory-bowel-disease	123
inflammatory-bowel-disease	295
inflammatory-bowel-disease	343
inflammatory-bowel-disease	388
ingrown-hairs	145
ingrown-hairs	765
ingrown-hairs	812
ingrown-hairs	813
ingrown-hairs	814
ingrown-toenail	37
ingrown-toenail	815
ingrown-toenail	816
ingrown-toenail	817
insect-bites-and-stings	342
insect-bites-and-stings	818
insect-bites-and-stings	819
insect-bites-and-stings	820
insomnia	24
insomnia	277
insomnia	641
insomnia	821
insomnia	822
insomnia	823
iron-deficiency-anaemia	12
iron-deficiency-anaemia	17
iron-deficiency-anaemia	54
iron-deficiency-anaemia	64
iron-deficiency-anaemia	165
iron-deficiency-anaemia	348
iron-deficiency-anaemia	803
iron-deficiency-anaemia	824
iron-deficiency-anaemia	825
iron-deficiency-anaemia	826
iron-deficiency-anaemia	827
iron-deficiency-anaemia	828
iron-deficiency-anaemia	829
iron-deficiency-anaemia	830
irritable-bowel-syndrome-ibs	49
irritable-bowel-syndrome-ibs	54
irritable-bowel-syndrome-ibs	73
irritable-bowel-syndrome-ibs	128
irritable-bowel-syndrome-ibs	269
irritable-bowel-syndrome-ibs	346
irritable-bowel-syndrome-ibs	388
irritable-bowel-syndrome-ibs	431
irritable-bowel-syndrome-ibs	461
irritable-bowel-syndrome-ibs	577
irritable-bowel-syndrome-ibs	831
irritable-bowel-syndrome-ibs	832
japanese-encephalitis	19
japanese-encephalitis	37
japanese-encephalitis	46
japanese-encephalitis	49
japanese-encephalitis	89
japanese-encephalitis	95
japanese-encephalitis	238
japanese-encephalitis	289
japanese-encephalitis	343
jaundice-in-babies	132
jaundice-in-babies	833
jet-lag	54
jet-lag	72
jet-lag	529
jet-lag	642
jet-lag	834
jet-lag	835
kawasaki-disease	188
kawasaki-disease	248
kawasaki-disease	252
kawasaki-disease	329
kawasaki-disease	366
kawasaki-disease	573
kawasaki-disease	836
kawasaki-disease	837
keloid-scars	679
keloid-scars	838
keratosis-pilaris	4
keratosis-pilaris	640
kidney-cancer	40
kidney-cancer	54
kidney-cancer	233
kidney-cancer	240
kidney-cancer	275
kidney-cancer	413
kidney-cancer	839
kidney-disease	38
kidney-disease	64
kidney-disease	233
kidney-disease	395
kidney-infection	37
kidney-infection	49
kidney-infection	242
kidney-infection	267
kidney-infection	269
kidney-infection	840
kidney-infection	841
kidney-infection	842
kidney-stones	49
kidney-stones	160
kidney-stones	843
klinefelters-syndrome	844
knock-knees	845
kyphosis	846
kyphosis	847
kyphosis	848
kyphosis	849
labyrinthitis	16
labyrinthitis	17
labyrinthitis	18
labyrinthitis	49
labyrinthitis	490
lambert-eaton-myasthenic-syndrome	12
lambert-eaton-myasthenic-syndrome	54
lambert-eaton-myasthenic-syndrome	249
lambert-eaton-myasthenic-syndrome	263
lambert-eaton-myasthenic-syndrome	282
lambert-eaton-myasthenic-syndrome	369
lambert-eaton-myasthenic-syndrome	440
lambert-eaton-myasthenic-syndrome	850
lambert-eaton-myasthenic-syndrome	851
lambert-eaton-myasthenic-syndrome	852
lambert-eaton-myasthenic-syndrome	853
laryngeal-cancer	12
laryngeal-cancer	57
laryngeal-cancer	64
laryngeal-cancer	275
laryngeal-cancer	347
laryngeal-cancer	390
laryngeal-cancer	540
laryngitis	37
laryngitis	40
laryngitis	169
laryngitis	332
laryngitis	347
laryngitis	628
laryngitis	697
laryngitis	854
lazy-eye	81
lazy-eye	174
lazy-eye	361
lazy-eye	586
lazy-eye	855
lazy-eye	856
lazy-eye	857
lazy-eye	858
lazy-eye	859
lazy-eye	860
lazy-eye	861
leg-ulcer	50
leg-ulcer	573
leg-ulcer	862
leg-ulcer	863
leg-ulcer	864
leg-ulcer	865
leg-ulcer	866
leg-ulcer	867
leg-ulcer	868
leg-ulcer	869
leg-ulcer	870
legionnaires-disease	37
legionnaires-disease	46
legionnaires-disease	64
legionnaires-disease	101
legionnaires-disease	871
leptospirosis	37
leptospirosis	41
leptospirosis	46
leptospirosis	49
leptospirosis	343
leptospirosis	440
leptospirosis	872
leukoplakia	349
leukoplakia	873
leukoplakia	874
lichen-planus	4
lichen-planus	349
lichen-planus	772
lichen-planus	803
lichen-planus	809
lichen-planus	875
lichen-planus	876
lichen-planus	877
lichen-planus	878
lichen-planus	879
lichen-planus	880
lichen-planus	881
lichen-planus	882
lichen-sclerosus	3
lichen-sclerosus	609
lichen-sclerosus	883
lichen-sclerosus	884
lichen-sclerosus	885
lipoedema	886
lipoedema	887
lipoma	686
lipoma	888
listeriosis	37
listeriosis	49
listeriosis	889
listeriosis	890
listeriosis	891
liver-cancer	37
liver-cancer	40
liver-cancer	41
liver-cancer	49
liver-cancer	54
liver-cancer	346
liver-cancer	680
liver-cancer	684
liver-cancer	892
liver-disease	40
liver-disease	41
liver-disease	49
liver-disease	54
liver-disease	248
liver-disease	503
long-qt-syndrome	89
long-qt-syndrome	165
long-qt-syndrome	335
low-blood-pressure-hypotension	18
low-blood-pressure-hypotension	38
low-blood-pressure-hypotension	78
low-blood-pressure-hypotension	354
low-blood-sugar-hypoglycaemia	18
low-blood-sugar-hypoglycaemia	54
low-blood-sugar-hypoglycaemia	89
low-blood-sugar-hypoglycaemia	90
low-blood-sugar-hypoglycaemia	95
low-blood-sugar-hypoglycaemia	165
low-blood-sugar-hypoglycaemia	300
low-blood-sugar-hypoglycaemia	432
low-blood-sugar-hypoglycaemia	523
low-blood-sugar-hypoglycaemia	893
low-blood-sugar-hypoglycaemia	894
lung-cancer	7
lung-cancer	8
lung-cancer	12
lung-cancer	40
lung-cancer	54
lung-cancer	147
lung-cancer	169
lung-cancer	347
lung-cancer	541
lung-cancer	871
lung-cancer	895
lung-cancer	896
lupus	10
lupus	37
lupus	54
lupus	113
lupus	348
lupus	366
lupus	440
lupus	803
lupus	897
lupus	898
lupus	899
lyme-disease	26
lyme-disease	37
lyme-disease	72
lyme-disease	120
lyme-disease	132
lyme-disease	440
lyme-disease	517
lyme-disease	900
lyme-disease	901
lyme-disease	902
lyme-disease	903
lymphoedema	318
lymphoedema	693
lymphoedema	904
lymphoedema	905
lymphoedema	906
lymphoedema	907
lymphoedema	908
lymphoedema	909
lymphoedema	910
lymphoedema	911
malaria	37
malaria	40
malaria	41
malaria	440
malaria	912
malaria	913
malaria	914
malaria	915
malignant-brain-tumour	19
malignant-brain-tumour	89
malignant-brain-tumour	300
malignant-brain-tumour	305
malignant-brain-tumour	916
malignant-brain-tumour	917
mallet-finger	317
mallet-finger	918
mallet-finger	919
marfan-syndrome	50
marfan-syndrome	78
marfan-syndrome	141
marfan-syndrome	607
marfan-syndrome	920
marfan-syndrome	921
marfan-syndrome	922
marfan-syndrome	923
marfan-syndrome	924
marfan-syndrome	925
mastitis	46
mastitis	308
mastitis	926
mastitis	927
mastitis	928
mastoiditis	16
mastoiditis	37
mastoiditis	389
mastoiditis	823
mastoiditis	929
mastoiditis	930
mastoiditis	931
measles	37
measles	99
measles	101
measles	932
measles	933
medically-unexplained-symptoms	7
medically-unexplained-symptoms	89
medically-unexplained-symptoms	141
medically-unexplained-symptoms	165
medically-unexplained-symptoms	166
medically-unexplained-symptoms	306
medically-unexplained-symptoms	343
medically-unexplained-symptoms	358
medically-unexplained-symptoms	440
menieres-disease	16
menieres-disease	17
menieres-disease	18
menieres-disease	49
menieres-disease	183
menieres-disease	390
meningitis	39
meningitis	89
meningitis	288
meningitis	299
meningitis	440
meningitis	506
meningitis	514
meningitis	573
meningitis	914
meningitis	934
meningitis	935
meningitis	936
meningitis	937
meningitis	938
meningitis	939
middle-east-respiratory-syndrome-mers	37
middle-east-respiratory-syndrome-mers	46
middle-east-respiratory-syndrome-mers	64
middle-east-respiratory-syndrome-mers	101
migraine	18
migraine	49
migraine	71
migraine	75
migraine	84
migraine	238
migraine	299
migraine	358
migraine	403
migraine	645
migraine	940
migraine	941
migraine	942
migraine	943
migraine	944
migraine	945
miscarriage	160
miscarriage	255
miscarriage	596
miscarriage	946
miscarriage	947
miscarriage	948
miscarriage	949
mortons-neuroma	950
mortons-neuroma	951
mortons-neuroma	952
motion-sickness	39
motion-sickness	49
motion-sickness	953
motor-neurone-disease	9
motor-neurone-disease	283
motor-neurone-disease	403
motor-neurone-disease	748
motor-neurone-disease	954
motor-neurone-disease	955
motor-neurone-disease	956
mouth-cancer	12
mouth-cancer	57
mouth-cancer	347
mouth-cancer	348
mouth-cancer	349
mouth-cancer	957
mouth-cancer	958
mouth-cancer	959
mouth-ulcers	422
mouth-ulcers	960
mouth-ulcers	961
mpox	19
mpox	26
mpox	37
mpox	366
mpox	440
mpox	962
mpox	963
mpox	964
multiple-sclerosis	54
multiple-sclerosis	181
multiple-sclerosis	269
multiple-sclerosis	300
multiple-sclerosis	358
multiple-sclerosis	490
multiple-sclerosis	525
multiple-sclerosis	965
multiple-system-atrophy	12
multiple-system-atrophy	24
multiple-system-atrophy	84
multiple-system-atrophy	166
multiple-system-atrophy	249
multiple-system-atrophy	269
multiple-system-atrophy	327
multiple-system-atrophy	461
multiple-system-atrophy	966
multiple-system-atrophy	967
multiple-system-atrophy	968
multiple-system-atrophy	969
mumps	37
mumps	38
mumps	40
mumps	108
mumps	390
mumps	440
mumps	970
mumps	971
muscular-dystrophy	306
muscular-dystrophy	318
muscular-dystrophy	440
muscular-dystrophy	446
muscular-dystrophy	851
muscular-dystrophy	972
muscular-dystrophy	973
myasthenia-gravis	12
myasthenia-gravis	64
myasthenia-gravis	84
myasthenia-gravis	262
myasthenia-gravis	362
myasthenia-gravis	369
myasthenia-gravis	598
myelodysplastic-syndrome-mds	54
myelodysplastic-syndrome-mds	56
myelodysplastic-syndrome-mds	393
myelodysplastic-syndrome-mds	394
myelodysplastic-syndrome-mds	736
myelodysplastic-syndrome-mds	937
myeloma	54
myeloma	57
myeloma	64
myeloma	71
myeloma	268
myeloma	306
myositis	10
myositis	54
myositis	283
myositis	306
myositis	396
myositis	440
myositis	851
myositis	974
myositis	975
myositis	976
narcolepsy	77
narcolepsy	755
narcolepsy	977
narcolepsy	978
narcolepsy	979
necrotising-fasciitis	46
necrotising-fasciitis	49
necrotising-fasciitis	188
necrotising-fasciitis	980
necrotising-fasciitis	981
neurofibromatosis-type-1	487
neurofibromatosis-type-1	982
neurofibromatosis-type-1	983
neurofibromatosis-type-1	984
neurofibromatosis-type-1	985
neurofibromatosis-type-1	986
neurofibromatosis-type-1	987
neurofibromatosis-type-2	16
neurofibromatosis-type-2	17
neurofibromatosis-type-2	21
neurofibromatosis-type-2	49
neurofibromatosis-type-2	89
neurofibromatosis-type-2	120
neurofibromatosis-type-2	183
neurofibromatosis-type-2	262
neurofibromatosis-type-2	361
neurofibromatosis-type-2	647
neurofibromatosis-type-2	986
neurofibromatosis-type-2	988
neurofibromatosis-type-2	989
neurofibromatosis-type-2	990
neuromyelitis-optica	128
neuromyelitis-optica	184
neuromyelitis-optica	369
neuromyelitis-optica	707
neuromyelitis-optica	965
neuromyelitis-optica	991
neuromyelitis-optica	992
night-terrors	993
night-terrors	994
night-terrors	995
night-terrors	996
night-terrors	997
night-terrors	998
night-terrors	999
non-alcoholic-fatty-liver-disease	46
non-alcoholic-fatty-liver-disease	54
non-alcoholic-fatty-liver-disease	267
non-alcoholic-fatty-liver-disease	1000
non-allergic-rhinitis	332
non-allergic-rhinitis	333
non-allergic-rhinitis	1001
non-cancerous-benign-brain-tumours	49
non-cancerous-benign-brain-tumours	51
non-cancerous-benign-brain-tumours	89
non-cancerous-benign-brain-tumours	300
non-cancerous-benign-brain-tumours	305
non-cancerous-benign-brain-tumours	988
non-cancerous-benign-brain-tumours	1002
non-hodgkin-lymphoma	37
non-hodgkin-lymphoma	57
non-hodgkin-lymphoma	64
non-hodgkin-lymphoma	248
non-hodgkin-lymphoma	396
non-hodgkin-lymphoma	1003
oesophageal-cancer	12
oesophageal-cancer	40
oesophageal-cancer	49
oesophageal-cancer	54
oesophageal-cancer	169
oesophageal-cancer	347
oesophageal-cancer	741
oesophageal-cancer	1004
oesophageal-cancer	1005
oesophageal-cancer	1006
orf	37
orf	54
orf	366
orf	722
orf	769
orf	1007
orf	1008
orf	1009
osteoarthritis	46
osteoarthritis	1010
osteomyelitis	37
osteomyelitis	188
osteomyelitis	1011
osteomyelitis	1012
osteomyelitis	1013
osteophyte	358
osteophyte	1014
otosclerosis	16
otosclerosis	17
otosclerosis	183
ovarian-cancer	54
ovarian-cancer	57
ovarian-cancer	141
ovarian-cancer	157
ovarian-cancer	160
ovarian-cancer	269
ovarian-cancer	351
ovarian-cancer	395
ovarian-cancer	684
ovarian-cyst	29
ovarian-cyst	71
ovarian-cyst	346
ovarian-cyst	374
ovarian-cyst	419
ovarian-cyst	461
ovarian-cyst	684
ovarian-cyst	832
ovarian-cyst	1015
overactive-thyroid-hyperthyroidism	10
overactive-thyroid-hyperthyroidism	24
overactive-thyroid-hyperthyroidism	54
overactive-thyroid-hyperthyroidism	165
overactive-thyroid-hyperthyroidism	467
overactive-thyroid-hyperthyroidism	698
overactive-thyroid-hyperthyroidism	1016
overactive-thyroid-hyperthyroidism	1017
overactive-thyroid-hyperthyroidism	1018
pagets-disease-bone	1019
pagets-disease-bone	1020
pagets-disease-bone	1021
pagets-disease-bone	1022
pancreatic-cancer	37
pancreatic-cancer	40
pancreatic-cancer	41
pancreatic-cancer	49
pancreatic-cancer	54
pancreatic-cancer	346
pancreatic-cancer	461
pancreatic-cancer	1023
parkinsons-disease	24
parkinsons-disease	113
parkinsons-disease	183
parkinsons-disease	264
parkinsons-disease	467
parkinsons-disease	755
parkinsons-disease	1024
parkinsons-disease	1025
pelvic-inflammatory-disease-pid	29
pelvic-inflammatory-disease-pid	160
pelvic-inflammatory-disease-pid	350
pelvic-inflammatory-disease-pid	374
pelvic-inflammatory-disease-pid	383
pemphigus-vulgaris	365
perforated-eardrum	16
perforated-eardrum	17
perforated-eardrum	18
perforated-eardrum	37
perforated-eardrum	389
perforated-eardrum	390
perforated-eardrum	588
pericarditis	7
pericarditis	26
pericarditis	37
pericarditis	101
pericarditis	627
pericarditis	1026
pericarditis	1027
peripheral-arterial-disease-pad	249
peripheral-arterial-disease-pad	1028
peripheral-arterial-disease-pad	1029
peripheral-arterial-disease-pad	1030
peripheral-arterial-disease-pad	1031
peripheral-arterial-disease-pad	1032
peripheral-arterial-disease-pad	1033
peripheral-arterial-disease-pad	1034
peripheral-arterial-disease-pad	1035
peripheral-arterial-disease-pad	1036
peripheral-neuropathy	358
peripheral-neuropathy	490
peripheral-neuropathy	1037
peripheral-neuropathy	1038
peritonitis	37
peritonitis	197
peritonitis	270
peritonitis	343
peritonitis	346
peritonitis	1039
phaeochromocytoma	49
phaeochromocytoma	165
phaeochromocytoma	234
phaeochromocytoma	413
phaeochromocytoma	467
phaeochromocytoma	523
phaeochromocytoma	1040
phimosis	233
phimosis	244
phimosis	258
phimosis	260
phimosis	261
phimosis	885
phimosis	1011
phlebitis	1011
phlebitis	1041
phlebitis	1042
piles-haemorrhoids	122
piles-haemorrhoids	124
piles-haemorrhoids	386
piles-haemorrhoids	461
piles-haemorrhoids	1043
piles-haemorrhoids	1044
pilonidal-sinus	1045
pilonidal-sinus	1046
pilonidal-sinus	1047
pityriasis-rosea	19
pityriasis-rosea	37
pityriasis-rosea	46
pityriasis-rosea	332
pityriasis-rosea	772
pityriasis-versicolor	1048
plantar-fasciitis	1049
plantar-fasciitis	1050
plantar-fasciitis	1051
plantar-fasciitis	1052
pleurisy	7
pleurisy	161
pmdd-premenstrual-dysphoric-disorder	38
pmdd-premenstrual-dysphoric-disorder	54
pmdd-premenstrual-dysphoric-disorder	113
pmdd-premenstrual-dysphoric-disorder	346
pmdd-premenstrual-dysphoric-disorder	440
pmdd-premenstrual-dysphoric-disorder	749
pmdd-premenstrual-dysphoric-disorder	1053
pmdd-premenstrual-dysphoric-disorder	1054
pmdd-premenstrual-dysphoric-disorder	1055
pmdd-premenstrual-dysphoric-disorder	1056
pneumonia	7
pneumonia	37
pneumonia	40
pneumonia	54
pneumonia	64
pneumonia	95
pneumonia	101
pneumonia	399
pneumonia	662
poisoning	49
poisoning	64
poisoning	78
poisoning	89
poisoning	90
poisoning	573
poisoning	842
polio	37
polio	46
polio	49
polio	54
polio	290
polio	299
polio	306
polio	440
polyhydramnios	50
polyhydramnios	741
polyhydramnios	1057
polymorphic-light-eruption	188
polymorphic-light-eruption	610
polymorphic-light-eruption	772
polymorphic-light-eruption	807
polymorphic-light-eruption	1058
polymorphic-light-eruption	1059
polymorphic-light-eruption	1060
polymorphic-light-eruption	1061
polymyalgia-rheumatica	10
polymyalgia-rheumatica	40
polymyalgia-rheumatica	54
polymyalgia-rheumatica	168
pompholyx	4
pompholyx	810
postural-tachycardia-syndrome	7
postural-tachycardia-syndrome	54
postural-tachycardia-syndrome	64
postural-tachycardia-syndrome	68
postural-tachycardia-syndrome	165
postural-tachycardia-syndrome	166
postural-tachycardia-syndrome	461
postural-tachycardia-syndrome	525
postural-tachycardia-syndrome	1062
postural-tachycardia-syndrome	1063
postural-tachycardia-syndrome	1064
prader-willi-syndrome	306
prader-willi-syndrome	487
prader-willi-syndrome	1065
prader-willi-syndrome	1066
prader-willi-syndrome	1067
prader-willi-syndrome	1068
pre-eclampsia	38
pre-eclampsia	49
pre-eclampsia	234
pre-eclampsia	238
pre-eclampsia	240
pre-eclampsia	300
pre-eclampsia	741
pre-eclampsia	1069
pre-menstrual-syndrome	54
pre-menstrual-syndrome	346
pre-menstrual-syndrome	504
pre-menstrual-syndrome	942
pre-menstrual-syndrome	1017
pre-menstrual-syndrome	1056
pre-menstrual-syndrome	1070
pre-menstrual-syndrome	1071
pre-menstrual-syndrome	1072
primary-biliary-cholangitis-pbc	54
primary-biliary-cholangitis-pbc	248
primary-biliary-cholangitis-pbc	400
primary-biliary-cholangitis-pbc	602
primary-biliary-cholangitis-pbc	1019
progressive-supranuclear-palsy-psp	12
progressive-supranuclear-palsy-psp	84
progressive-supranuclear-palsy-psp	466
progressive-supranuclear-palsy-psp	731
progressive-supranuclear-palsy-psp	1073
progressive-supranuclear-palsy-psp	1074
progressive-supranuclear-palsy-psp	1075
prostate-cancer	233
prostate-cancer	249
prostate-cancer	269
prostate-cancer	270
prostate-cancer	618
prostate-cancer	1076
prostate-cancer	1077
prostate-cancer	1078
prostate-cancer	1079
prostatitis	37
prostatitis	269
prostatitis	270
prostatitis	374
prostatitis	1080
psoriasis	3
psoriasis	145
psoriasis	805
psoriasis	1081
psoriasis	1082
psoriasis	1083
psoriasis	1084
psoriasis	1085
psoriasis	1086
psoriasis	1087
psoriatic-arthritis	23
psoriatic-arthritis	54
psoriatic-arthritis	168
psoriatic-arthritis	829
psoriatic-arthritis	1088
pubic-lice	826
pubic-lice	1089
pubic-lice	1090
pubic-lice	1091
pubic-lice	1092
pudendal-neuralgia	71
pudendal-neuralgia	244
pudendal-neuralgia	249
pudendal-neuralgia	374
pudendal-neuralgia	707
pudendal-neuralgia	1093
pudendal-neuralgia	1094
pudendal-neuralgia	1095
pulmonary-embolism	50
pulmonary-embolism	64
pulmonary-embolism	147
pulmonary-embolism	331
pulmonary-hypertension	7
pulmonary-hypertension	18
pulmonary-hypertension	64
pulmonary-hypertension	165
pulmonary-hypertension	395
pyoderma-gangrenosum	37
pyoderma-gangrenosum	440
pyoderma-gangrenosum	960
pyoderma-gangrenosum	964
pyoderma-gangrenosum	1096
pyoderma-gangrenosum	1097
q-fever	37
q-fever	38
q-fever	46
q-fever	332
q-fever	366
q-fever	440
rabies	77
rabies	281
rabies	283
rabies	289
rabies	1098
reactive-arthritis	54
reactive-arthritis	168
reactive-arthritis	244
reactive-arthritis	348
reactive-arthritis	932
reactive-arthritis	1099
reactive-arthritis	1100
reactive-arthritis	1101
reactive-arthritis	1102
repetitive-strain-injury-rsi	181
repetitive-strain-injury-rsi	358
repetitive-strain-injury-rsi	466
repetitive-strain-injury-rsi	1103
respiratory-tract-infection	37
respiratory-tract-infection	105
respiratory-tract-infection	171
respiratory-tract-infection	267
respiratory-tract-infection	332
respiratory-tract-infection	333
respiratory-tract-infection	440
restless-legs-syndrome	50
restless-legs-syndrome	830
restless-legs-syndrome	1104
retinal-ocular-migraine	49
retinal-ocular-migraine	645
retinal-ocular-migraine	647
retinal-ocular-migraine	1105
retinal-ocular-migraine	1106
retinal-ocular-migraine	1107
retinoblastoma	81
retinoblastoma	185
retinoblastoma	301
retinoblastoma	361
retinoblastoma	1108
retinoblastoma	1109
retinoblastoma	1110
reyes-syndrome	39
reyes-syndrome	89
reyes-syndrome	90
reyes-syndrome	95
reyes-syndrome	112
reyes-syndrome	328
reyes-syndrome	517
rheumatic-fever	26
rheumatic-fever	37
rheumatic-fever	1111
rheumatic-fever	1112
rheumatic-fever	1113
rheumatic-fever	1114
rheumatoid-arthritis	7
rheumatoid-arthritis	10
rheumatoid-arthritis	37
rheumatoid-arthritis	54
rheumatoid-arthritis	602
rheumatoid-arthritis	1115
rheumatoid-arthritis	1116
rickets-and-osteomalacia	268
rickets-and-osteomalacia	450
rickets-and-osteomalacia	850
rickets-and-osteomalacia	1117
rickets-and-osteomalacia	1118
rickets-and-osteomalacia	1119
rickets-and-osteomalacia	1120
rickets-and-osteomalacia	1121
ringworm	132
ringworm	188
ringworm	772
rosacea	108
rosacea	188
rosacea	271
rosacea	538
rosacea	1122
rosacea	1123
rosacea	1124
rosacea	1125
rubella	37
rubella	332
rubella	333
rubella	772
rubella	932
rubella	1126
rubella	1127
salivary-gland-stones	537
salivary-gland-stones	1128
salivary-gland-stones	1129
salivary-gland-stones	1130
sarcoidosis	7
sarcoidosis	26
sarcoidosis	54
sarcoidosis	64
sarcoidosis	103
sarcoidosis	196
sarcoidosis	323
sarcoidosis	366
sarcoidosis	1019
sarcoidosis	1131
scarlet-fever	132
scarlet-fever	188
scarlet-fever	837
scarlet-fever	1132
scarlet-fever	1133
scarlet-fever	1134
scarlet-fever	1135
scarlet-fever	1136
schistosomiasis	38
schistosomiasis	101
schistosomiasis	233
schistosomiasis	573
schistosomiasis	1137
schistosomiasis	1138
schistosomiasis	1139
schistosomiasis	1140
schistosomiasis	1141
schistosomiasis	1142
sciatica	141
sciatica	161
sciatica	358
sciatica	1143
scoliosis	141
scoliosis	848
scoliosis	1144
scoliosis	1145
scoliosis	1146
scoliosis	1147
scurvy	54
scurvy	69
scurvy	591
scurvy	610
scurvy	1148
scurvy	1149
sepsis	16
sepsis	39
sepsis	54
sepsis	64
sepsis	84
sepsis	87
sepsis	89
sepsis	113
sepsis	120
sepsis	270
sepsis	440
sepsis	525
sepsis	583
sepsis	628
sepsis	842
sepsis	936
sepsis	937
sepsis	939
sepsis	962
sepsis	1150
sepsis	1151
sepsis	1152
sepsis	1153
sepsis	1154
sepsis	1155
sepsis	1156
shin-splints	1157
shingles	132
shingles	493
shingles	1158
shingles	1159
shingles	1160
short-sightedness	19
short-sightedness	858
short-sightedness	1161
short-sightedness	1162
sick-building-syndrome	54
sick-building-syndrome	99
sick-building-syndrome	105
sick-building-syndrome	132
sick-building-syndrome	1123
sick-building-syndrome	1163
sickle-cell-disease	1164
sickle-cell-disease	1165
silicosis	54
silicosis	64
silicosis	169
silicosis	1166
sinusitis-sinus-infection	19
sinusitis-sinus-infection	37
sinusitis-sinus-infection	101
sinusitis-sinus-infection	104
sinusitis-sinus-infection	264
sinusitis-sinus-infection	333
sinusitis-sinus-infection	441
sinusitis-sinus-infection	442
sinusitis-sinus-infection	540
sinusitis-sinus-infection	1167
sinusitis-sinus-infection	1168
sinusitis-sinus-infection	1169
sjogrens-syndrome	12
sjogrens-syndrome	54
sjogrens-syndrome	169
sjogrens-syndrome	263
sjogrens-syndrome	347
sjogrens-syndrome	440
sjogrens-syndrome	602
sjogrens-syndrome	742
sjogrens-syndrome	970
sjogrens-syndrome	1123
sjogrens-syndrome	1170
skin-abscess	145
skin-abscess	1171
slapped-cheek-syndrome	19
slapped-cheek-syndrome	37
slapped-cheek-syndrome	312
slapped-cheek-syndrome	1172
sleep-apnoea	38
sleep-apnoea	72
sleep-apnoea	403
sleep-apnoea	1173
sleep-apnoea	1174
sleep-apnoea	1175
sleep-apnoea	1176
sleep-apnoea	1177
slipped-disc	141
slipped-disc	281
slipped-disc	306
slipped-disc	1178
slipped-disc	1179
spina-bifida	128
spina-bifida	289
spina-bifida	306
spina-bifida	1029
spina-bifida	1180
spina-bifida	1181
spina-bifida	1182
spinal-muscular-atrophy-sma	276
spinal-muscular-atrophy-sma	283
spinal-muscular-atrophy-sma	306
spinal-muscular-atrophy-sma	467
spinal-muscular-atrophy-sma	1181
spondylolisthesis	1179
spondylolisthesis	1183
spondylolisthesis	1184
spondylolisthesis	1185
stammering	1186
stammering	1187
stammering	1188
stammering	1189
stammering	1190
stammering	1191
stammering	1192
stammering	1193
stevens-johnson-syndrome	64
stevens-johnson-syndrome	132
stevens-johnson-syndrome	900
stevens-johnson-syndrome	914
stevens-johnson-syndrome	1194
stevens-johnson-syndrome	1195
stevens-johnson-syndrome	1196
stomach-cancer	12
stomach-cancer	40
stomach-cancer	49
stomach-cancer	54
stomach-cancer	684
stomach-cancer	741
stomach-cancer	898
stomach-cancer	1004
stomach-cancer	1006
stomach-ulcer	59
stomach-ulcer	400
stomach-ulcer	1197
stomach-ulcer	1198
stroke	18
stroke	49
stroke	84
stroke	238
stroke	239
stroke	520
stroke	727
subarachnoid-haemorrhage	21
subarachnoid-haemorrhage	49
subarachnoid-haemorrhage	51
subarachnoid-haemorrhage	75
subarachnoid-haemorrhage	89
subarachnoid-haemorrhage	299
subarachnoid-haemorrhage	303
sunburn	365
sunburn	918
sunburn	1199
sunburn	1200
sunburn	1201
supraventricular-tachycardia-svt	7
supraventricular-tachycardia-svt	18
supraventricular-tachycardia-svt	38
supraventricular-tachycardia-svt	46
syphilis	46
syphilis	349
syphilis	366
syphilis	1202
syphilis	1203
syphilis	1204
syphilis	1205
syphilis	1206
temporal-arteritis	361
temporal-arteritis	418
temporal-arteritis	1207
temporal-arteritis	1208
temporal-arteritis	1209
temporal-arteritis	1210
temporomandibular-disorder-tmd	1209
temporomandibular-disorder-tmd	1211
temporomandibular-disorder-tmd	1212
temporomandibular-disorder-tmd	1213
temporomandibular-disorder-tmd	1214
tendonitis	446
tendonitis	718
tendonitis	1010
tendonitis	1215
tendonitis	1216
tennis-elbow	339
tennis-elbow	1217
tennis-elbow	1218
tennis-elbow	1219
tennis-elbow	1220
tennis-elbow	1221
tennis-elbow	1222
tension-headaches	19
tension-headaches	1223
tension-headaches	1224
tension-headaches	1225
tension-headaches	1226
tetanus	12
tetanus	37
tetanus	64
tetanus	89
tetanus	197
tetanus	748
tetanus	1227
thoracic-outlet-syndrome	358
thoracic-outlet-syndrome	1228
thoracic-outlet-syndrome	1229
thoracic-outlet-syndrome	1230
thoracic-outlet-syndrome	1231
thrombophilia	147
thrombophilia	1232
thyroid-cancer	10
thyroid-cancer	101
thyroid-cancer	283
thyroid-cancer	332
thyroid-cancer	347
thyroid-cancer	356
thyroid-cancer	388
thyroid-cancer	959
thyroid-cancer	1233
tinnitus	17
tinnitus	1234
tinnitus	1235
tongue-tie	10
tongue-tie	1236
tongue-tie	1237
tongue-tie	1238
tongue-tie	1239
tongue-tie	1240
tongue-tie	1241
tongue-tie	1242
tongue-tie	1243
tongue-tie	1244
tonsillitis	12
tonsillitis	19
tonsillitis	37
tonsillitis	38
tonsillitis	49
tonsillitis	332
tonsillitis	366
tonsillitis	540
tonsillitis	1245
tooth-decay	537
tooth-decay	1246
tooth-decay	1247
toxic-shock-syndrome	37
toxic-shock-syndrome	46
toxic-shock-syndrome	440
toxic-shock-syndrome	1133
toxocariasis	37
toxocariasis	105
toxocariasis	248
toxocariasis	300
toxocariasis	416
toxocariasis	872
toxocariasis	1248
toxoplasmosis	37
toxoplasmosis	38
toxoplasmosis	46
toxoplasmosis	49
toxoplasmosis	78
toxoplasmosis	84
toxoplasmosis	332
toxoplasmosis	366
toxoplasmosis	889
toxoplasmosis	1249
transient-ischaemic-attack-tia	1250
transient-ischaemic-attack-tia	1251
transient-ischaemic-attack-tia	1252
trichomoniasis	244
trichomoniasis	257
trichomoniasis	270
trichomoniasis	343
trichomoniasis	1080
trichomoniasis	1253
trichomoniasis	1254
trigeminal-neuralgia	1255
trigeminal-neuralgia	1256
trigger-finger	357
trigger-finger	1257
trigger-finger	1258
tuberculosis-tb	10
tuberculosis-tb	19
tuberculosis-tb	37
tuberculosis-tb	39
tuberculosis-tb	40
tuberculosis-tb	50
tuberculosis-tb	54
tuberculosis-tb	95
tuberculosis-tb	101
tuberculosis-tb	132
tuberculosis-tb	160
tuberculosis-tb	242
tuberculosis-tb	267
tuberculosis-tb	299
tuberculosis-tb	366
tuberculosis-tb	440
tuberculosis-tb	1259
turner-syndrome	487
turner-syndrome	1260
typhoid-fever	37
typhoid-fever	38
typhoid-fever	40
typhoid-fever	267
typhoid-fever	342
typhoid-fever	388
typhoid-fever	461
typhoid-fever	1261
typhus	37
typhus	49
typhus	267
ulcerative-colitis	10
ulcerative-colitis	123
ulcerative-colitis	346
ulcerative-colitis	461
ulcerative-colitis	576
ulcerative-colitis	1139
ulcerative-colitis	1262
umbilical-hernia	1263
underactive-thyroid-hypothyroidism	29
underactive-thyroid-hypothyroidism	54
underactive-thyroid-hypothyroidism	72
underactive-thyroid-hypothyroidism	113
underactive-thyroid-hypothyroidism	347
underactive-thyroid-hypothyroidism	738
underactive-thyroid-hypothyroidism	798
underactive-thyroid-hypothyroidism	968
undescended-testicles	1264
urethritis	244
urethritis	257
urethritis	1265
urinary-incontinence	86
urinary-incontinence	270
urinary-incontinence	1266
urinary-incontinence	1267
urinary-incontinence	1268
urinary-tract-infections-utis	37
urinary-tract-infections-utis	39
urinary-tract-infections-utis	54
urinary-tract-infections-utis	86
urinary-tract-infections-utis	233
urinary-tract-infections-utis	242
urinary-tract-infections-utis	243
urinary-tract-infections-utis	244
urinary-tract-infections-utis	269
urinary-tract-infections-utis	493
urinary-tract-infections-utis	573
urinary-tract-infections-utis	841
urinary-tract-infections-utis	1269
urinary-tract-infections-utis	1270
urinary-tract-infections-utis	1271
urinary-tract-infections-utis	1272
urinary-tract-infections-utis	1273
urinary-tract-infections-utis	1274
urinary-tract-infections-utis	1275
uveitis	79
uveitis	239
uveitis	301
uveitis	565
uveitis	872
uveitis	1276
vaginitis	244
vaginitis	350
vaginitis	596
vaginitis	688
vaginitis	1170
vaginitis	1254
varicose-eczema	46
varicose-eczema	365
varicose-eczema	863
varicose-eczema	866
varicose-eczema	1048
varicose-eczema	1277
varicose-eczema	1278
varicose-eczema	1279
varicose-eczema	1280
varicose-eczema	1281
varicose-eczema	1282
varicose-veins	50
varicose-veins	866
varicose-veins	904
varicose-veins	1281
varicose-veins	1283
varicose-veins	1284
vascular-dementia	72
vascular-dementia	109
vascular-dementia	183
vascular-dementia	305
vascular-dementia	520
vascular-dementia	670
vascular-dementia	1285
vascular-dementia	1286
vertigo	18
vertigo	1287
vitamin-b12-or-folate-deficiency-anaemia	54
vitamin-b12-or-folate-deficiency-anaemia	306
vitamin-b12-or-folate-deficiency-anaemia	348
vitamin-b12-or-folate-deficiency-anaemia	358
vitamin-b12-or-folate-deficiency-anaemia	361
vitamin-b12-or-folate-deficiency-anaemia	827
vitamin-b12-or-folate-deficiency-anaemia	1288
vitamin-b12-or-folate-deficiency-anaemia	1289
vitamin-b12-or-folate-deficiency-anaemia	1290
vitiligo	1048
vitiligo	1291
vitiligo	1292
vitiligo	1293
vitiligo	1294
von-willebrand-disease	29
von-willebrand-disease	46
von-willebrand-disease	122
von-willebrand-disease	233
von-willebrand-disease	591
von-willebrand-disease	710
von-willebrand-disease	716
von-willebrand-disease	756
von-willebrand-disease	1295
von-willebrand-disease	1296
von-willebrand-disease	1297
vulvodynia	339
vulvodynia	877
vulvodynia	1298
vulvodynia	1299
vulvodynia	1300
warts-and-verrucas	687
warts-and-verrucas	1301
whooping-cough	169
whooping-cough	496
whooping-cough	538
whooping-cough	628
whooping-cough	739
whooping-cough	1302
whooping-cough	1303
wolff-parkinson-white-syndrome	7
wolff-parkinson-white-syndrome	18
wolff-parkinson-white-syndrome	64
wolff-parkinson-white-syndrome	165
wolff-parkinson-white-syndrome	197
yellow-fever	37
yellow-fever	40
yellow-fever	41
yellow-fever	46
yellow-fever	49
yellow-fever	242
yellow-fever	267
yellow-fever	343
yellow-fever	594
yellow-fever	889
yellow-fever	1304
