presentation	cause_name	snomed
anal-pain	Constipation	14760008
anal-pain	Piles (haemorrhoids)	70153002
anal-pain	Anal fissures	30037006
anal-pain	Anal fistulas and abscesses	786878009
bad-breath	eating	
bad-breath	drinking strong-smelling	
bad-breath	spicy foods and drinks	
bad-breath	problems with your teeth	
bad-breath	gums	
bad-breath	gum disease	18718003
bad-breath	holes in your teeth	
bad-breath	an infection	
bad-breath	fasting	16985007
bad-breath	crash dieting	
bad-breath	some medical conditions	
bad-breath	dry mouth	87715008
bad-breath	tonsillitis and acid reflux	698065002
bedwetting	making too much pee at night	
bedwetting	stress at home	105485001
bedwetting	at school	
bleeding-from-the-bottom-rectal-bleeding	take iron tablets	
bleeding-from-the-bottom-rectal-bleeding	liquorice and blueberries	
bleeding-from-the-bottom-rectal-bleeding	Piles (haemorrhoids)	70153002
bleeding-from-the-bottom-rectal-bleeding	genital warts	266113007
bleeding-from-the-bottom-rectal-bleeding	damage from anal sex	
bleeding-from-the-bottom-rectal-bleeding	warfarin and apixaban ( anticoagulants )	
bleeding-from-the-bottom-rectal-bleeding	Anal fistula	786878009
bleeding-from-the-bottom-rectal-bleeding	Tummy bug (gastroenteritis)	25374005
bleeding-from-the-bottom-rectal-bleeding	ulcerative colitis	64766004
bleeding-from-the-bottom-rectal-bleeding	Crohn's disease	34000006
bleeding-from-the-bottom-rectal-bleeding	Bleeding in the anus	
bleeding-from-the-bottom-rectal-bleeding	bowel	
bleeding-from-the-bottom-rectal-bleeding	lower gut from injury	
bleeding-from-the-bottom-rectal-bleeding	another problem	
bleeding-from-the-bottom-rectal-bleeding	Bowel polyps	254588001
bleeding-from-the-bottom-rectal-bleeding	early signs of bowel cancer	
bleeding-from-the-bottom-rectal-bleeding	Bleeding in the stomach	
bleeding-from-the-bottom-rectal-bleeding	gut – can be from injury	
bleeding-from-the-bottom-rectal-bleeding	aspirin	
bleeding-from-the-bottom-rectal-bleeding	Stomach ulcer	397825006
bloating	constipation	14760008
bloating	a food intolerance	
bloating	coeliac disease	396331005
bloating	irritable bowel syndrome (IBS)	10743008
blood-in-semen	an infection	
blood-in-semen	a urinary tract infection (UTI)	
blood-in-semen	sexually transmitted infection (STI)	
blood-in-semen	a recent procedure	
blood-in-semen	test	
blood-in-semen	transurethral resection of the prostate (TURP)	
blood-in-semen	a cystoscopy	
blood-in-semen	a vasectomy	
blood-in-semen	a problem with the prostate	
blood-in-semen	prostatitis	9713002
blood-in-semen	an enlarged prostate	
blood-in-urine	Urinary tract infection (UTI)	68566005
blood-in-urine	Kidney stones	95570007
blood-in-urine	Enlarged prostate	249607009
blue-skin-or-lips-cyanosis	lungs	
blue-skin-or-lips-cyanosis	asthma	195967001
blue-skin-or-lips-cyanosis	pneumonia	233604007
blue-skin-or-lips-cyanosis	airways	
blue-skin-or-lips-cyanosis	choking	249489001
blue-skin-or-lips-cyanosis	croup	71186008
blue-skin-or-lips-cyanosis	heart	
blue-skin-or-lips-cyanosis	heart failure	84114007
blue-skin-or-lips-cyanosis	congenital heart disease	13213009
blue-skin-or-lips-cyanosis	Raynaud's	
blue-skin-or-lips-cyanosis	which affects your fingers and toes	
blue-skin-or-lips-cyanosis	beta blockers	
blue-skin-or-lips-cyanosis	being in cold air	
blue-skin-or-lips-cyanosis	water	
blue-skin-or-lips-cyanosis	wearing clothing	
blue-skin-or-lips-cyanosis	jewellery that's too tight	
blushing	Rosacea	398909004
blushing	Menopause	289903006
blushing	Excessive sweating (hyperhidrosis)	52613005
blushing	Overactive thyroid (hyperthyroidism)	34486009
body-odour-bo	exercise	
body-odour-bo	hot weather	
body-odour-bo	hormonal changes	
body-odour-bo	diabetes	
body-odour-bo	kidney disease	90708001
body-odour-bo	liver disease	235856003
body-odour-bo	certain types of medicine	
body-odour-bo	antidepressants	
breast-pain	injuries	417163006
breast-pain	sprains to the neck	
breast-pain	shoulder	
breast-pain	the contraceptive pill and some antidepressants	
breast-pain	mastitis	266579006
breast-pain	a breast abscess	
breast-pain	hormone changes during the menopause	
breast-pain	take paracetamol	
breast-pain	ibuprofen	
breast-pain	\n it's not improving	
breast-pain	painkillers are not helping\n	
bulging-eyes	an infection	
bulging-eyes	injury around	
bulging-eyes	behind your eyes	
bulging-eyes	bleeding behind the eyes	
bulging-eyes	tumours	
chest-pain	Heartburn	16331000
chest-pain	indigestion	162031009
chest-pain	Chest sprain	
chest-pain	strain	48532005
chest-pain	Anxiety	48694002
chest-pain	depression	35489007
chest-pain	panic attack	225624000
chest-pain	Chest infection	
chest-pain	pneumonia	233604007
chest-pain	pleurisy	196075003
chest-pain	Shingles	4740000
confusion	people with dementia	
confusion	a stroke	
confusion	TIA ("mini-stroke")	266257000
confusion	a head injury	
confusion	some types of prescription medicine	
confusion	alcohol poisoning	82782008
confusion	alcohol withdrawal	191480000
confusion	taking drugs	
confusion	a severe asthma attack	
confusion	other problems with the lungs	
confusion	heart	
cough	heartburn (acid reflux)	16331000
cough	allergies	609328004
cough	hay fever	
cough	bronchitis	32398004
cough	COVID-19	840539006
coughing-up-blood	a long-lasting	
coughing-up-blood	severe cough	
coughing-up-blood	a lung	
coughing-up-blood	a chest infection	
coughing-up-blood	pneumonia	233604007
coughing-up-blood	tuberculosis	56717001
coughing-up-blood	bronchitis	32398004
diarrhoea-and-vomiting	a stomach bug	
diarrhoea-and-vomiting	food poisoning	75258004
diarrhoea-and-vomiting	a food intolerance	
diarrhoea-and-vomiting	food allergy	414285001
diarrhoea-and-vomiting	irritable bowel syndrome (IBS)	10743008
diarrhoea-and-vomiting	anxiety	48694002
diarrhoea-and-vomiting	appendicitis	74400008
diarrhoea-and-vomiting	inflammatory bowel disease	24526004
diarrhoea-and-vomiting	coeliac disease	396331005
diarrhoea-and-vomiting	diverticular disease	397881000
diarrhoea-and-vomiting	radiation treatment in the pelvic area	
diarrhoea-and-vomiting	migraine	37796009
diarrhoea-and-vomiting	motion sickness	37031009
diarrhoea-and-vomiting	inner ear infections	
diarrhoea-and-vomiting	labyrinthitis	23919004
diarrhoea-and-vomiting	other infections	
diarrhoea-and-vomiting	a urinary tract infection (UTI)	
dizziness	an ear infection	
dizziness	migraine	37796009
dizziness	heat exhaustion	95868006
dizziness	anxiety	48694002
dizziness	iron deficiency anaemia	87522002
dizziness	motion sickness	37031009
dizziness	Inner-ear problems	
dizziness	Labyrinthitis	23919004
dizziness	Side effect of medicine	
dry-eyes	you're over the age of 50	
dry-eyes	you wear contact lenses	
dry-eyes	you spend time in air conditioned	
dry-eyes	heated environments	
dry-eyes	it's windy	
dry-eyes	dry	
dry-eyes	dusty	
dry-eyes	drink alcohol	
dry-eyes	you take certain medicines (for example	
dry-eyes	some antidepressants	
dry-eyes	blood pressure medicines)	
dry-eyes	you have a condition	
dry-eyes	blepharitis	41446000
dry-eyes	Sjögren's syndrome	83901003
dry-eyes	lupus	200936003
dry-mouth	from not drinking enough	
dry-mouth	sweating a lot	
dry-mouth	being ill	
dry-mouth	you sleep with your mouth open	
dry-mouth	anxiety	48694002
dry-mouth	cancer treatment ( radiotherapy	
dry-mouth	chemotherapy )	
dry-mouth	oral thrush (mouth thrush)	79740000
earache	Children teething	
earache	dental abscess	299709002
earache	Glue ear	232255003
earache	earwax build-up	
earache	accident)	
earache	Sore throat	267102003
earache	tonsillitis	90176007
earache	quinsy (a complication of tonsillitis)	15033003
earache	Ear infection	129127001
earache	flu	6142004
earache	cold	82272006
elbow-and-arm-pain	Tennis elbow	202855006
elbow-and-arm-pain	Tendonitis	34840004
elbow-and-arm-pain	bursitis	84017003
elbow-and-arm-pain	Sprains and strains	
elbow-and-arm-pain	Frozen shoulder	399114005
elbow-and-arm-pain	Arthritis	3723001
elbow-and-arm-pain	Joint infection ( septic arthritis )	363162000
eye-pain	Something in your eye	
eye-pain	dirt	
eye-pain	an insect	
eye-pain	Conjunctivitis	9826008
eye-pain	Dry eyes	162290004
eye-pain	Cluster headache	193031009
eye-pain	Infection	40733004
eye-pain	herpes simplex eye infection	128351009
eye-pain	Glaucoma	23986001
eye-pain	Uveitis	128473001
eye-pain	Neuromyelitis optica	25044007
eyelid-problems	Stye	1489008
eyelid-problems	meibomian cyst (chalazion)	1482004
eyelid-problems	Allergy	609328004
eyelid-problems	blepharitis	41446000
eyelid-problems	or conjunctivitis	
eyelid-problems	Ectropion	62909004
eyelid-problems	entropion	33168009
eyelid-problems	Cellulitis	128045006
fainting	not eating	
fainting	drinking enough	
fainting	being too hot	
fainting	being very upset	
fainting	angry	75408008
fainting	in severe pain	
fainting	heart problems	
fainting	taking drugs	
fainting	drinking too much alcohol	
feeling-sick-nausea	pregnancy ( morning sickness )	77386006
feeling-sick-nausea	motion sickness	37031009
feeling-sick-nausea	anxiety	48694002
feeling-sick-nausea	recent surgery	
feeling-sick-nausea	Norovirus	
feeling-sick-nausea	food poisoning	75258004
feeling-sick-nausea	An infection	
feeling-sick-nausea	flu	6142004
feeling-sick-nausea	Acid reflux	698065002
feeling-sick-nausea	Migraine	37796009
feeling-sick-nausea	Labyrinthitis	23919004
feeling-sick-nausea	vertigo	399153001
flatulence	non-steroidal anti-inflammatory drugs (NSAIDS)	
flatulence	ibuprofen	
flatulence	some laxatives	
flatulence	antifungal medicines	
flatulence	statins	
flatulence	Constipation	14760008
flatulence	Irritable bowel syndrome (IBS)	10743008
flatulence	Coeliac disease	396331005
flatulence	Lactose intolerance	
hair-loss	an illness	
hair-loss	cancer treatment	
hair-loss	weight loss	262285001
hair-loss	iron deficiency	35240004
hair-loss	Injections given into bald patches	
hair-loss	Cream applied to bald patches	
hair-loss	Chemical applied to bald patches	
hair-loss	Shining ultraviolet light on bald patches	
hair-loss	short hair and eyebrows	
hair-loss	Surgery to implant artificial hairs	
headaches	having a cold	
headaches	flu	6142004
headaches	drinking too much alcohol	
headaches	bad posture	249858009
headaches	eyesight problems	
headaches	not eating regular meals	
headaches	not drinking enough fluids (dehydration)	34095006
headaches	taking too many painkillers	
headaches	having your period	
headaches	during menopause (hormone headache)	
heart-palpitations	strenuous exercise	
heart-palpitations	lack of sleep	
heart-palpitations	stress and anxiety	
heart-palpitations	nicotine and recreational drugs	
hip-pain	Hip fracture	263225007
hip-pain	Sprain	
hip-pain	strain	48532005
hip-pain	or tendonitis	
hip-pain	Osteoarthritis	396275006
hip-pain	Rheumatoid arthritis	69896004
hip-pain	Joint infection (septic arthritis)	363162000
hip-pain	Bursitis	84017003
hip-pain-children-irritable-hip	a broken bone	
hirsutism	Cushing's syndrome and acromegaly	47270006
hirsutism	a tumour affecting your hormone levels	
irregular-periods	puberty	
irregular-periods	when you start your periods	
irregular-periods	the progestogen-only pill	
irregular-periods	contraceptive injection and intrauterine system (IUS)	
irregular-periods	losing	
irregular-periods	gaining a lot of weight	
irregular-periods	stress and anxiety	
irregular-periods	exercising too much	
itchy-anus	Threadworms	
itchy-anus	especially in children	
itchy-anus	Piles (haemorrhoids)	70153002
itchy-anus	Diarrhoea	62315008
itchy-anus	bowel incontinence	72042002
itchy-anus	Fungal infection	3218000
itchy-anus	a sexually transmitted infection (STI)	
itchy-anus	eczema	43116000
itchy-anus	psoriasis	9014002
itchy-anus	Side effects of steroid creams	
itchy-anus	antibiotics	
itchy-anus	some gels and ointments for haemorrhoids	
itchy-anus	anal fissures	30037006
itchy-anus	and peppermint oil	
itchy-skin	Allergies	609328004
itchy-skin	hives	247472004
itchy-skin	heat rash (prickly heat)	72658003
itchy-skin	Dandruff	400201008
itchy-skin	eczema	43116000
itchy-skin	psoriasis	9014002
itchy-skin	Thrush	78048006
itchy-skin	ringworm	47382004
itchy-skin	athlete's foot	6020002
itchy-skin	Scabies	
itchy-skin	head lice	81000006
itchy-skin	pubic lice	71011005
joint-pain	Sprain	
joint-pain	strain	48532005
joint-pain	Osteoarthritis	396275006
joint-pain	Bursitis	84017003
joint-pain	Rheumatoid arthritis	69896004
joint-pain	Gout	90560007
joint-pain	Joint infection (septic arthritis)	363162000
knee-pain	Sprains and strains	
knee-pain	Tendonitis	34840004
knee-pain	Torn ligament	
knee-pain	tendon	
knee-pain	meniscus	
knee-pain	cartilage damage	
knee-pain	Dislocated kneecap	
knee-pain	Osteoarthritis	396275006
knee-pain	Bursitis	84017003
knee-pain	Bleeding in the joint	
knee-pain	Gout	90560007
knee-pain	septic arthritis	396234004
knee-pain	Osgood Schlatter's disease	72047008
limp-in-children	a sprain	
limp-in-children	strain	48532005
limp-in-children	a blister	
limp-in-children	cut	283396008
limp-in-children	bruise	125667009
limp-in-children	a broken bone	
limp-in-children	Irritable hip	301864002
limp-in-children	Slipped upper femoral epiphysis	26460006
limp-in-children	Different types of juvenile arthritis	
limp-in-children	Perthes' disease	111255008
limp-in-children	A cancer	
limp-in-children	leukaemia	93143009
limp-in-children	sarcoma	424413001
limp-in-children	lymphoma	
loss-of-libido	relationship problems	160822004
loss-of-libido	anxiety	48694002
loss-of-libido	depression	35489007
loss-of-libido	erectile dysfunction	860914002
loss-of-libido	vaginal dryness	31908003
loss-of-libido	particularly during the menopause	
loss-of-libido	taking certain medicines	
loss-of-libido	medicine for high blood pressure	
loss-of-libido	antidepressants	
loss-of-libido	the pill	
loss-of-libido	patch	
loss-of-libido	implant	
loss-of-libido	drinking too much alcohol	
loss-of-libido	Relationship counselling	
loss-of-libido	Medicines to treat the problem	
loss-of-libido	vaginal lubricants	
loss-of-libido	Hormone replacement therapy (HRT)	
loss-of-libido	Antidepressants	
loss-of-libido	cognitive behavioural therapy (CBT)	
loss-of-libido	Changing to a different medicine	
loss-of-libido	type of contraception	
lost-or-changed-sense-smell	a cold	
lost-or-changed-sense-smell	flu	6142004
lost-or-changed-sense-smell	COVID-19	840539006
lost-or-changed-sense-smell	sinusitis (sinus infection)	36971009
lost-or-changed-sense-smell	an allergy	
lost-or-changed-sense-smell	hay fever	
lost-or-changed-sense-smell	growths in your nose (nasal polyps)	
lost-or-changed-sense-smell	loss of smell (anosmia)	44169009
lost-or-changed-sense-smell	smoke	
lost-or-changed-sense-smell	burnt toast	
lost-or-changed-sense-smell	reduced sense of smell (hyposmia)	83156004
lost-or-changed-sense-smell	changes to how things smell (parosmia)	708673009
lumps	Skin tags	201091002
lumps	Lipoma	93163002
lumps	Skin cyst	
lumps	Skin abscess	31928004
lumps	Soft tissue sarcoma	
lumps	Swollen glands	
lumps	Hernia	84089009
lumps	Goitre	3716002
lumps	Genital warts	266113007
lumps	Non-Hodgkin lymphoma	118601006
lumps	Piles	70153002
lumps	Rectal prolapse	57773001
lumps	Breast lumps	89164003
lumps	Testicle lumps and swellings	
lumps	Ganglion cyst	
lumps	Warts	
memory-loss-amnesia	anxiety	48694002
memory-loss-amnesia	depression	35489007
memory-loss-amnesia	sleeping problems (insomnia)	193462001
metallic-taste	gum disease	18718003
metallic-taste	taking certain medicines	
metallic-taste	metronidazole	
metallic-taste	zopiclone	
metallic-taste	cancer treatments	
metallic-taste	chemotherapy and radiotherapy	
metallic-taste	colds	82272006
metallic-taste	sinus infections and other airway problems	36971009
metallic-taste	indigestion	162031009
metallic-taste	being pregnant	
metallic-taste	Regularly brush your teeth	
metallic-taste	use dental floss	
metallic-taste	ginger and spices	
metallic-taste	and suck on boiled sweets	
missed-or-late-periods	being pregnant	
missed-or-late-periods	the start of menopause (perimenopause)	
missed-or-late-periods	sudden weight loss	
missed-or-late-periods	doing too much exercise	
missed-or-late-periods	using certain hormonal methods of contraception	
missed-or-late-periods	the contraceptive pill	
missed-or-late-periods	contraceptive injection	
missed-or-late-periods	IUS (intrauterine system)	
missed-or-late-periods	breastfeeding	
nail-problems	injuries	417163006
nail-problems	biting your nails	
nail-problems	staining your nails	
nail-problems	by smoking	
nail-problems	applying a lot of nail varnish	
nail-problems	not regularly trimming your nails	
nail-problems	or cutting them at an angle	
nail-problems	your hands often being in water	
nail-problems	cleaning products	
nail-problems	a fungal nail infection	
nail-problems	psoriasis	9014002
nail-problems	iron deficiency anaemia	87522002
nail-problems	an underactive thyroid	
nail-problems	overactive thyroid	34486009
nail-problems	diabetes	
nail-problems	heart	
nail-problems	lung	
nail-problems	liver disease	235856003
neck-pain-and-stiff-neck	bad posture	249858009
neck-pain-and-stiff-neck	a pinched nerve	
neck-pain-and-stiff-neck	an injury	
neck-pain-and-stiff-neck	whiplash from a traffic accident	
neck-pain-and-stiff-neck	fall	161898004
night-sweats	menopause symptoms ("hot flushes")	
night-sweats	anxiety	48694002
night-sweats	some antidepressants	
night-sweats	steroids and painkillers	
night-sweats	low blood sugar (hypoglycaemia)	302866003
night-sweats	drug use	
nipple-discharge	breastfeeding	
nipple-discharge	a blocked	
nipple-discharge	enlarged milk duct	
nipple-discharge	a small	
nipple-discharge	non-cancerous lump in the breast (papilloma)	711329002
nipple-discharge	a breast infection ( mastitis )	266579006
nipple-discharge	a side effect of a medicine	
nipple-discharge	the contraceptive pill	
ovulation-pain	conditions that affect the womb	
ovulation-pain	ovaries	
ovulation-pain	endometriosis and ovarian cysts	79883001
ovulation-pain	some sexually transmitted infections (STIs)	
ovulation-pain	chlamydia	105629000
ovulation-pain	a caesarean section	
ovulation-pain	an ectopic pregnancy	
paralysis	a transient ischaemic attack (TIA	
paralysis	"mini-stroke")	
paralysis	a head injury	
paralysis	a spinal cord (back) injury	
paralysis	multiple sclerosis	24700007
pelvic-pain	constipation	14760008
pelvic-pain	irritable bowel syndrome	10743008
pelvic-pain	urinary tract infections (UTIs)	68566005
pelvic-pain	sexually transmitted infections (STIs)	
penis-lumps-and-spots	genital warts	266113007
penis-lumps-and-spots	herpes	23513009
penis-lumps-and-spots	molluscum contagiosum	
penis-lumps-and-spots	lichen planus	4776004
period-pain	an infection of the womb	
pins-and-needles	treatments	
pins-and-needles	some medicines	
pins-and-needles	medicine to prevent seizures	
pins-and-needles	or some antibiotics	
pins-and-needles	toxic substances	
pins-and-needles	radiation	
pins-and-needles	poor diet	
pins-and-needles	a trapped nerve in your back	
pins-and-needles	neck	
pins-and-needles	nerve damage – after an injury	
pins-and-needles	illness	39104002
pins-and-needles	drinking too much alcohol	
pins-and-needles	Diabetes	
pins-and-needles	Raynaud's	
pins-and-needles	Hyperventilation	68978004
pins-and-needles	Sciatica	23056005
pins-and-needles	Multiple sclerosis	24700007
post-menopausal-bleeding	cervical	
post-menopausal-bleeding	high levels of oestrogen	
post-menopausal-bleeding	and can lead to womb cancer	
post-menopausal-bleeding	You may not need treatment	
post-menopausal-bleeding	but may be offered oestrogen cream	
post-menopausal-bleeding	pessaries	
post-menopausal-bleeding	Depending on the type of hyperplasia	
post-menopausal-bleeding	you may be offered no treatment	
post-menopausal-bleeding	hormone medicine (tablets	
post-menopausal-bleeding	an intrauterine system	
post-menopausal-bleeding	IUS )	
post-menopausal-bleeding	cervix and ovaries)	
post-menopausal-bleeding	Changing	
post-menopausal-bleeding	stopping HRT treatment	
post-menopausal-bleeding	Total hysterectomy will often be recommended	
post-menopausal-bleeding	often followed by radiotherapy	
post-menopausal-bleeding	chemotherapy	
post-menopausal-bleeding	or hormone therapy	
post-menopausal-bleeding	or a combination of treatments	
post-menopausal-bleeding	Surgery to remove your ovaries	
priapism-painful-erections	blood-thinning medicines	
priapism-painful-erections	warfarin	
priapism-painful-erections	some antidepressants	
priapism-painful-erections	drugs	
priapism-painful-erections	cannabis and cocaine	
priapism-painful-erections	some medicines for high blood pressure	
priapism-painful-erections	other blood disorders	
priapism-painful-erections	thalassaemia and leukaemia	
priapism-painful-erections	some treatments for erectile dysfunction	
red-eye	Burst blood vessel	248707009
red-eye	Conjunctivitis	9826008
red-eye	Dry eyes	162290004
red-eye	Blepharitis	41446000
red-eye	Ingrowing eyelash	301460003
red-eye	Eyelid problems	
shortness-of-breath	asthma	195967001
shortness-of-breath	a chest infection	
shortness-of-breath	a panic attack	
shortness-of-breath	heart failure	84114007
shortness-of-breath	lung cancer	363358000
shoulder-pain	Frozen shoulder	399114005
shoulder-pain	arthritis ( osteoarthritis	
shoulder-pain	rheumatoid arthritis )	69896004
shoulder-pain	Tendonitis	34840004
shoulder-pain	bursitis	84017003
shoulder-pain	impingement	
shoulder-pain	Shoulder instability	
shoulder-pain	sometimes because of hypermobility	
shoulder-pain	Dislocated shoulder	417076003
shoulder-pain	a broken arm	
shoulder-pain	broken collarbone )	
shoulder-pain	torn	
shoulder-pain	ruptured tendon	
shoulder-pain	Problems in the acromioclavicular joint	
shoulder-pain	dislocation	
shoulder-pain	stretched	
shoulder-pain	torn ligaments	
smelly-feet	hot weather	
smelly-feet	exercise	
smelly-feet	standing all day	
smelly-feet	hormonal changes	
smelly-feet	which happen during puberty	
smelly-feet	menopause and pregnancy	
smelly-feet	some medicines	
smelly-feet	antidepressants	
smelly-urine	certain types of food and drink	
smelly-urine	asparagus	
smelly-urine	coffee	
smelly-urine	some medicines	
smelly-urine	vitamin B6 supplements	
snoring	are overweight	
snoring	smoke	
snoring	drink too much alcohol	
snoring	sleep on your back	
snoring	Special devices (nasal dilators)	
snoring	or decongestants	
soiling-child-pooing-their-pants	some bleeding during	
soiling-child-pooing-their-pants	after pooing	
soiling-child-pooing-their-pants	stomach pain that comes and goes	
soiling-child-pooing-their-pants	a poor appetite	
soiling-child-pooing-their-pants	big	
soiling-child-pooing-their-pants	hard poos	
soiling-child-pooing-their-pants	"rabbit droppings"	
soiling-child-pooing-their-pants	fewer than 3 poos a week	
sore-or-dry-lips	cold weather	
sore-or-dry-lips	dry air	
sore-or-dry-lips	wind	
sore-or-dry-lips	damage from the sun	
sore-or-dry-lips	a lip injury	
sore-or-dry-lips	allergies	609328004
sore-throat	laryngitis	45913009
sore-throat	tonsillitis	90176007
sore-throat	strep throat (a bacterial throat infection)	43878008
sore-throat	glandular fever	271558008
stomach-ache	Trapped wind (flatulence)	249504006
stomach-ache	Indigestion	162031009
stomach-ache	Constipation	14760008
stomach-ache	Stomach bug	
stomach-ache	food poisoning	75258004
stomach-ache	Period pain	266599000
stomach-ache	Appendicitis	74400008
stomach-ache	Irritable bowel syndrome (IBS)	10743008
stomach-ache	Kidney stones	95570007
stomach-ache	Gallstones	235919008
swallowing-problems-dysphagia	take some medicines	
swallowing-problems-dysphagia	antipsychotics	
swallowing-problems-dysphagia	have a learning disability	
swallowing-problems-dysphagia	have heartburn and acid reflux	698065002
swallowing-problems-dysphagia	especially in children	
swallowing-problems-dysphagia	people who have gastro-oesophageal reflux disease	
swallowing-problems-dysphagia	chronic obstructive pulmonary disease (COPD)	13645005
swallowing-problems-dysphagia	brain	
swallowing-problems-dysphagia	cerebral palsy	128188000
swallowing-problems-dysphagia	a stroke	
swallowing-problems-dysphagia	dementia	52448006
swallowing-problems-dysphagia	multiple sclerosis	24700007
swallowing-problems-dysphagia	have cancer	
swallowing-problems-dysphagia	mouth cancer	363505006
swallowing-problems-dysphagia	oesophageal cancer	363402007
swollen-glands	colds	82272006
swollen-glands	tonsillitis and ear	
swollen-glands	throat infections	
swollen-glands	glandular fever	271558008
swollen-glands	rarely caused by anything more serious	
swollen-glands	cancer of the blood (leukaemia)	93143009
swollen-glands	lymph system (lymphoma)	
teeth-grinding	snoring and sleep apnoea	73430006
teeth-grinding	taking medicines for sleep problems	
teeth-grinding	depression	35489007
teeth-grinding	anxiety	48694002
teeth-grinding	drinking lots of alcohol	
testicle-pain	an infection ( epididymitis )	31070006
testicle-pain	an injury	
testicle-pain	an inguinal hernia	
testicle-pain	a build-up of fluid (cyst)	441457006
testicle-pain	swollen veins in the testicles (varicocele)	51070004
tiredness-and-fatigue	not getting enough sleep	248256006
tiredness-and-fatigue	depression and dealing with life challenges	
tiredness-and-fatigue	bereavement	74506000
tiredness-and-fatigue	looking after a new baby	
tiredness-and-fatigue	during puberty	
tiredness-and-fatigue	the menopause )	
tiredness-and-fatigue	some illnesses	
tiredness-and-fatigue	glandular fever and COVID-19	271558008
tiredness-and-fatigue	some medical treatments and medicines	
tiredness-and-fatigue	chemotherapy	
tiredness-and-fatigue	Sleep apnoea	73430006
tiredness-and-fatigue	Iron deficiency anaemia	87522002
tiredness-and-fatigue	Diabetes	
tiredness-and-fatigue	Overactive thyroid (hyperthyroidism)	34486009
tiredness-and-fatigue	Myalgic encephalomyelitis	52702003
tiredness-and-fatigue	chronic fatigue syndrome (ME/CFS)	52702003
toothache	tooth decay	80967001
toothache	a dental abscess	
toothache	a cracked	
toothache	damaged tooth	
toothache	a loose	
toothache	broken filling	
toothache	problems with your braces	
toothache	gum disease	18718003
toothache	grinding your teeth	
unintentional-weight-loss	mental health conditions	
unintentional-weight-loss	depression	35489007
unintentional-weight-loss	anxiety	48694002
unintentional-weight-loss	problems with digestion	
unintentional-weight-loss	coeliac disease	396331005
unintentional-weight-loss	inflammatory bowel disease (IBD)	24526004
unintentional-weight-loss	hormone conditions	
unintentional-weight-loss	an overactive thyroid	
unintentional-weight-loss	type 1 diabetes	
unintentional-weight-loss	heart conditions	
unintentional-weight-loss	heart failure	84114007
unintentional-weight-loss	poor nutrition ( malnutrition )	204301000000101
unintentional-weight-loss	lack of appetite	
unintentional-weight-loss	appetite	
unintentional-weight-loss	side effects of some medicines	
unintentional-weight-loss	levothyroxine	
vaginal-discharge	Bacterial vaginosis	419760006
vaginal-discharge	Thrush	78048006
vaginal-discharge	Trichomoniasis	56335008
vaginal-discharge	Chlamydia	105629000
vaginal-discharge	gonorrhoea	15628003
vaginal-discharge	Genital herpes	
vaginal-dryness	experience menopause	
vaginal-dryness	are pregnant	
vaginal-dryness	breastfeeding	
vaginal-dryness	hormonal contraceptives	
vaginal-dryness	antidepressants	
vaginal-dryness	have your womb removed (a hysterectomy)	
vaginal-dryness	have cancer treatments	
vaginal-dryness	chemotherapy	
vaginal-dryness	radiotherapy	
vaginal-dryness	hormonal therapy	
vaginal-dryness	surgery	
vaginal-dryness	are not aroused during sex	
vaginal-dryness	use perfumed soaps	
vaginal-dryness	washes	
vaginal-dryness	douches in and around your vagina	
vaginal-dryness	have an underlying condition	
vaginal-dryness	diabetes	
vaginal-dryness	Sjögren's syndrome	83901003
vomiting-blood	gastritis	4556007
vomiting-blood	stomach ulcers	397825006
vomiting-blood	heart burn and acid reflux	698065002
vomiting-blood	alcohol-related liver disease	
vomiting-blood	coughing a lot	
vomiting-blood	oesophageal cancer	363402007
vomiting-blood	stomach cancer	363349007
vomiting-blood	blood conditions	
vomiting-blood	haemophilia	90935002
vomiting-blood	some medicines	
vomiting-blood	aspirin	
vomiting-blood	poisoning	75478009
watering-eyes	an allergy	
watering-eyes	conjunctivitis )	9826008
watering-eyes	other eyelid problems	
watering-eyes	some medicines and cancer treatments	
